id,timestamp,acc_x,acc_y,acc_z,gyro_x,gyro_y,gyro_z
1,0.01,0.19109683,0.6967834,0.8105141,-0.02565634,-0.007941248,0.0061086523
2,0.02,0.1249021110489871,0.6892732256004257,0.7797745834791168,-0.02565634,-0.007941248,0.0061086523
3,0.03,0.09859913,0.686289,0.76756,-0.02565634,-0.007941248,0.0061086523
4,0.04,0.1116406955642021,0.691399875410043,0.7812184031987296,-0.02565634,-0.007941248,0.0061086523
5,0.05,0.13471961,0.7004443,0.8053889,-0.02565634,-0.007941248,0.0061086523
6,0.06,0.13471961,0.7004443,0.8053889,-0.02565634,-0.007941248,0.0061086523
7,0.07,0.13471961,0.7004443,0.8053889,-0.02565634,-0.007941248,0.0061086523
8,0.08,0.1235906340817937,0.6840781924730873,0.7147205556660592,-0.02565634,-0.007941248,0.0061086523
9,0.09,0.1181237,0.6760386,0.67018116,-0.02565634,-0.007941248,0.0061086523
10,0.1,0.1181237,0.6760386,0.67018116,-0.02565634,-0.007941248,0.0061086523
11,0.11,0.1181237,0.6760386,0.67018116,-0.02565634,-0.007941248,0.0061086523
12,0.12,0.1181237,0.6760386,0.67018116,-0.02565634,-0.007941248,0.0061086523
13,0.13,0.1181237,0.6760386,0.67018116,-0.02565634,-0.007941248,0.0061086523
14,0.14,0.1181237,0.6760386,0.67018116,-0.02565634,-0.007941248,0.0061086523
15,0.15,0.1181237,0.6760386,0.67018116,-0.02565634,-0.007941248,0.0061086523
16,0.16,0.1181237,0.6760386,0.67018116,-0.0170349601451942,0.0256071649732945,0.0214771993325234
17,0.17,0.1181237,0.6760386,0.67018116,0.0035975679469904,0.0791550119161021,0.0529296331419252
18,0.18,0.1181237,0.6760386,0.67018116,0.0123610650796807,-0.0897857446515561,0.0280997232709657
19,0.19,0.1181237,0.6760386,0.67018116,0.013439035,-0.11056661,0.025045475
20,0.2,0.1181237,0.6760386,0.67018116,0.013439035,-0.11056661,0.025045475
21,0.21,0.1181237,0.6760386,0.67018116,0.013439035,-0.11056661,0.025045475
22,0.22,0.1181237,0.6760386,0.67018116,0.013439035,-0.11056661,0.025045475
23,0.23,0.1017602941929735,0.6758822642236377,0.67018116,0.013439035,-0.11056661,0.025045475
24,0.24,0.0420139342153748,0.6754870380334854,0.67075461846913,0.013439035,-0.11056661,0.025045475
25,0.25,0.1265912475468106,0.7046254844960351,0.7632788203042458,0.013439035,-0.11056661,0.025045475
26,0.26,0.15058333,0.7128912,0.7895252,0.013439035,-0.11056661,0.025045475
27,0.27,0.15058333,0.7128912,0.7895252,0.013439035,-0.11056661,0.025045475
28,0.28,0.1473752374793547,0.712432903338387,0.7780324802021993,0.013439035,-0.11056661,0.025045475
29,0.29,0.1303018833219355,0.7099938648248387,0.716868634684311,0.013439035,-0.11056661,0.025045475
30,0.3,0.12837411,0.70971847,0.70996255,0.013439035,-0.11056661,0.025045475
31,0.31,0.12837411,0.70971847,0.70996255,-0.0199030868859168,-0.0333723469479099,0.07433382906643
32,0.32,0.12837411,0.70971847,0.70996255,-0.042760566,0.019547688,0.108123146
33,0.33,0.12837411,0.70971847,0.70996255,-0.042760566,0.019547688,0.108123146
34,0.34,0.12837411,0.70971847,0.70996255,-0.0139659522679548,-0.0053254812556064,0.0828018128247414
35,0.35,0.12837411,0.70971847,0.70996255,0.1142318,-0.1160644,-0.029932396
36,0.36,0.12837411,0.70971847,0.70996255,0.1142318,-0.1160644,-0.029932396
37,0.37,0.0875121443003694,0.676648773997699,0.711292931431376,0.1142318,-0.1160644,-0.029932396
38,0.38,0.07590181,0.6672525,0.71167094,0.1142318,-0.1160644,-0.029932396
39,0.39,0.07590181,0.6672525,0.71167094,0.0558446140390488,-0.0119405806201018,0.0028293011283308
40,0.4,0.0878766194377184,0.672601257243582,0.7060826936331079,0.004276057,0.08002335,0.03176499
41,0.41,0.11251039,0.68360436,0.69458693,0.0039278362131179,0.0684450094632199,0.0330708184495973
42,0.42,0.1136257641128166,0.6838188539850772,0.6943581344238078,0.0018325958,-0.0012217305,0.040927973
43,0.43,0.130341566215534,0.6870334157770129,0.6909292386572122,0.0018325958,-0.0012217305,0.040927973
44,0.44,0.13154685,0.6872652,0.690682,0.0018325958,-0.0012217305,0.040927973
45,0.45,0.13154685,0.6872652,0.690682,0.0018325958,-0.0012217305,0.040927973
46,0.46,0.13154685,0.6872652,0.690682,0.0018325958,-0.0012217305,0.040927973
47,0.47,0.1119463096372772,0.6797141649249576,0.6858622057843953,0.0018325958,-0.0012217305,0.040927973
48,0.48,0.07199689,0.6643238,0.6760386,0.0018325958,-0.0012217305,0.040927973
49,0.49,0.07199689,0.6643238,0.6760386,0.0018325958,-0.0012217305,0.040927973
50,0.5,0.07199689,0.6643238,0.6760386,0.0018325958,-0.0012217305,0.040927973
51,0.51,0.07199689,0.6643238,0.6760386,0.0018325958,-0.0012217305,0.040927973
52,0.52,0.0768093150396846,0.6659737823476615,0.7069756422572814,0.0018325958,-0.0012217305,0.040927973
53,0.53,0.08053889,0.6672525,0.7309515,0.0018325958,-0.0012217305,0.040927973
54,0.54,0.08053889,0.6672525,0.7309515,-0.0119323488371451,0.0064355893676891,0.043845047114506
55,0.55,0.08053889,0.6672525,0.7309515,-0.09040806,0.05009095,0.06047566
56,0.56,0.08053889,0.6672525,0.7309515,-0.09040806,0.05009095,0.06047566
57,0.57,0.08053889,0.6672525,0.7309515,-0.09040806,0.05009095,0.06047566
58,0.58,0.08053889,0.6672525,0.7309515,-0.012322740958341,0.0747759877628018,0.0367981742940311
59,0.59,0.08053889,0.6672525,0.7309515,0.004276057,0.08002335,0.03176499
60,0.6,0.08053889,0.6672525,0.7309515,0.004276057,0.08002335,0.03176499
61,0.61,0.0854044625964513,0.6705610927148654,0.7148950988687253,0.004276057,0.08002335,0.03176499
62,0.62,0.09274176,0.67555046,0.690682,0.004276057,0.08002335,0.03176499
63,0.63,0.092646303093072,0.6760086514323095,0.6917129320916299,0.004276057,0.08002335,0.03176499
64,0.64,0.0906072340407792,0.6857961461219553,0.7137348243853233,0.004276057,0.08002335,0.03176499
65,0.65,0.09030118,0.6872652,0.7170402,0.004276057,0.08002335,0.03176499
66,0.66,0.09030118,0.6872652,0.7170402,0.004276057,0.08002335,0.03176499
67,0.67,0.09030118,0.6872652,0.7170402,0.004276057,0.08002335,0.03176499
68,0.68,0.09030118,0.6872652,0.7170402,0.004276057,0.08002335,0.03176499
69,0.69,0.09030118,0.6872652,0.7170402,0.004276057,0.08002335,0.03176499
70,0.7,0.09030118,0.6872652,0.7170402,0.004276057,0.08002335,0.03176499
71,0.71,0.09030118,0.6872652,0.7170402,0.004276057,0.08002335,0.03176499
72,0.72,0.09030118,0.6872652,0.7170402,0.004276057,0.08002335,0.03176499
73,0.73,0.09030118,0.6872652,0.7170402,0.004276057,0.08002335,0.03176499
74,0.74,0.09030118,0.6872652,0.7170402,0.004276057,0.08002335,0.03176499
75,0.75,0.09030118,0.6872652,0.7170402,0.004276057,0.08002335,0.03176499
76,0.76,0.09030118,0.6872652,0.7170402,0.004276057,0.08002335,0.03176499
77,0.77,0.09030118,0.6872652,0.7170402,0.004276057,0.08002335,0.03176499
78,0.78,0.09030118,0.6872652,0.7170402,0.004276057,0.08002335,0.03176499
79,0.79,0.1029601695183462,0.7006274715164896,0.710788840036353,0.004276057,0.08002335,0.03176499
80,0.8,0.12983845,0.728999,0.6975156,0.004276057,0.08002335,0.03176499
81,0.81,0.12983845,0.728999,0.6975156,0.004276057,0.08002335,0.03176499
82,0.82,0.12983845,0.728999,0.6975156,0.004276057,0.08002335,0.03176499
83,0.83,0.1292965050919866,0.7235795065084667,0.8378796790647598,0.004276057,0.08002335,0.03176499
84,0.84,0.12910628,0.72167724,0.8871481,0.1432600697070123,-0.181019221007428,0.0981648427912358
85,0.85,0.12910628,0.72167724,0.8871481,0.26511553,-0.4098906,0.1563815
86,0.86,0.1465970502997148,0.7257135766192813,0.8329634018941449,0.26511553,-0.4098906,0.1563815
87,0.87,0.19890666,0.73778504,0.67091334,0.26511553,-0.4098906,0.1563815
88,0.88,0.19890666,0.73778504,0.67091334,0.26511553,-0.4098906,0.1563815
89,0.89,0.19890666,0.73778504,0.67091334,0.1096331806144405,-0.1334147226645967,0.0551766394952928
90,0.9,0.19890666,0.73778504,0.67091334,0.09712757,-0.111177474,0.047036625
91,0.91,0.19890666,0.73778504,0.67091334,0.09712757,-0.111177474,0.047036625
92,0.92,0.2038537206550901,0.7348992771401706,0.6794882442345973,0.09712757,-0.111177474,0.047036625
93,0.93,0.2135501,0.7292431,0.6962953,0.09712757,-0.111177474,0.047036625
94,0.94,0.2135501,0.7292431,0.6962953,0.09712757,-0.111177474,0.047036625
95,0.95,0.2135501,0.7292431,0.6962953,0.09712757,-0.111177474,0.047036625
96,0.96,0.2135501,0.7292431,0.6962953,0.09712757,-0.111177474,0.047036625
97,0.97,0.2113867196295498,0.7295635905817132,0.7114389428948978,0.09712757,-0.111177474,0.047036625
98,0.98,0.20696054,0.7302193,0.74242216,0.09712757,-0.111177474,0.047036625
99,0.99,0.20696054,0.7302193,0.74242216,0.09712757,-0.111177474,0.047036625
100,1.0,0.20696054,0.7302193,0.74242216,0.09712757,-0.111177474,0.047036625
101,1.01,0.20696054,0.7302193,0.74242216,0.09712757,-0.111177474,0.047036625
102,1.02,0.20696054,0.7302193,0.74242216,0.09712757,-0.111177474,0.047036625
103,1.03,0.20696054,0.7302193,0.74242216,0.09712757,-0.111177474,0.047036625
104,1.04,0.20696054,0.7302193,0.74242216,0.09712757,-0.111177474,0.047036625
105,1.05,0.20696054,0.7302193,0.74242216,0.09712757,-0.111177474,0.047036625
106,1.06,0.20696054,0.7302193,0.74242216,0.09712757,-0.111177474,0.047036625
107,1.07,0.20696054,0.7302193,0.74242216,0.09712757,-0.111177474,0.047036625
108,1.08,0.20696054,0.7302193,0.74242216,0.09712757,-0.111177474,0.047036625
109,1.09,0.20696054,0.7302193,0.74242216,0.09712757,-0.111177474,0.047036625
110,1.1,0.20696054,0.7302193,0.74242216,0.09712757,-0.111177474,0.047036625
111,1.11,0.20696054,0.7302193,0.74242216,0.1493006459419771,-0.3543570624824531,0.2084194281508279
112,1.12,0.20696054,0.7302193,0.74242216,0.16920967,-0.44715336,0.27000242
113,1.13,0.20696054,0.7302193,0.74242216,0.16920967,-0.44715336,0.27000242
114,1.14,0.20696054,0.7302193,0.74242216,0.16920967,-0.44715336,0.27000242
115,1.15,0.20696054,0.7302193,0.74242216,0.16920967,-0.44715336,0.27000242
116,1.16,0.20696054,0.7302193,0.74242216,0.16920967,-0.44715336,0.27000242
117,1.17,0.1490855532253314,0.7106710799542041,0.6691548790420043,0.16920967,-0.44715336,0.27000242
118,1.18,0.11519502,0.699224,0.6262509,0.16920967,-0.44715336,0.27000242
119,1.19,0.1115010448718561,0.697787454583984,0.6324368456130802,0.16920967,-0.44715336,0.27000242
120,1.2,0.0917179378105128,0.6900940265619584,0.6655657162995229,0.16920967,-0.44715336,0.27000242
121,1.21,0.08444381,0.6872652,0.677747,0.16920967,-0.44715336,0.27000242
122,1.22,0.08444381,0.6872652,0.677747,0.16920967,-0.44715336,0.27000242
123,1.23,0.1142201366611062,0.6843782995529729,0.6929238432362939,0.16920967,-0.44715336,0.27000242
124,1.24,0.17254847,0.6787232,0.7226535,0.16920967,-0.44715336,0.27000242
125,1.25,0.17254847,0.6787232,0.7226535,0.16920967,-0.44715336,0.27000242
126,1.26,0.17254847,0.6787232,0.7226535,0.16920967,-0.44715336,0.27000242
127,1.27,0.17254847,0.6787232,0.7226535,0.16920967,-0.44715336,0.27000242
128,1.28,0.17254847,0.6787232,0.7226535,0.16920967,-0.44715336,0.27000242
129,1.29,0.17254847,0.6787232,0.7226535,0.16920967,-0.44715336,0.27000242
130,1.3,0.17254847,0.6787232,0.7226535,0.16920967,-0.44715336,0.27000242
131,1.31,0.17254847,0.6787232,0.7226535,0.16920967,-0.44715336,0.27000242
132,1.32,0.17254847,0.6787232,0.7226535,0.16920967,-0.44715336,0.27000242
133,1.33,0.17254847,0.6787232,0.7226535,0.0305413394553136,-0.1328957138039533,0.0845389041198815
134,1.34,0.17254847,0.6787232,0.7226535,-0.028099801,0.0,0.0061086523
135,1.35,0.17254847,0.6787232,0.7226535,-0.028099801,0.0,0.0061086523
136,1.36,0.17254847,0.6787232,0.7226535,-0.028099801,0.0,0.0061086523
137,1.37,0.17254847,0.6787232,0.7226535,-0.028099801,0.0,0.0061086523
138,1.38,0.17254847,0.6787232,0.7226535,-0.028099801,0.0,0.0061086523
139,1.39,0.140641898811974,0.6972252528032122,0.6763984260100072,-0.028099801,0.0,0.0061086523
140,1.4,0.1313028,0.70264083,0.6628595,-0.028099801,0.0,0.0061086523
141,1.41,0.1313028,0.70264083,0.6628595,-0.028099801,0.0,0.0061086523
142,1.42,0.1313028,0.70264083,0.6628595,-0.028099801,0.0,0.0061086523
143,1.43,0.1313028,0.70264083,0.6628595,-0.028099801,0.0,0.0061086523
144,1.44,0.1313028,0.70264083,0.6628595,-0.028099801,0.0,0.0061086523
145,1.45,0.1313028,0.70264083,0.6628595,-0.028099801,0.0,0.0061086523
146,1.46,0.1313028,0.70264083,0.6628595,-0.028099801,0.0,0.0061086523
147,1.47,0.1313028,0.70264083,0.6628595,-0.028099801,0.0,0.0061086523
148,1.48,0.1314595630706111,0.7029935356683862,0.6611351206753341,-0.028099801,0.0,0.0061086523
149,1.49,0.1322355788645958,0.704739515561664,0.6525990184827443,-0.028099801,0.0,0.0061086523
150,1.5,0.13227904,0.7048373,0.65212095,0.0401511443326232,-0.0144637767687391,-0.0196549501063127
151,1.51,0.1296830746621932,0.7209322627573866,0.704948692519931,0.06414085,-0.019547688,-0.028710667
152,1.52,0.12739788,0.73510045,0.75145227,0.06414085,-0.019547688,-0.028710667
153,1.53,0.12739788,0.73510045,0.75145227,0.06414085,-0.019547688,-0.028710667
154,1.54,0.12739788,0.73510045,0.75145227,0.06414085,-0.019547688,-0.028710667
155,1.55,0.12739788,0.73510045,0.75145227,0.06414085,-0.019547688,-0.028710667
156,1.56,0.12739788,0.73510045,0.75145227,0.06414085,-0.019547688,-0.028710667
157,1.57,0.12739788,0.73510045,0.75145227,0.06414085,-0.019547688,-0.028710667
158,1.58,0.12739788,0.73510045,0.75145227,0.06414085,-0.019547688,-0.028710667
159,1.59,0.12739788,0.73510045,0.75145227,0.06414085,-0.019547688,-0.028710667
160,1.6,0.12739788,0.73510045,0.75145227,0.06414085,-0.019547688,-0.028710667
161,1.61,0.12739788,0.73510045,0.75145227,0.06414085,-0.019547688,-0.028710667
162,1.62,0.12739788,0.73510045,0.75145227,0.06414085,-0.019547688,-0.028710667
163,1.63,0.12739788,0.73510045,0.75145227,0.0473034948765855,-0.0173940726681789,-0.021270905061164
164,1.64,0.12739788,0.73510045,0.75145227,0.01160644,-0.01282817,-0.005497787
165,1.65,0.1304135174301831,0.734174210850265,0.750095232185568,0.01160644,-0.01282817,-0.005497787
166,1.66,0.1577285524925244,0.7257845236160181,0.7378034576137538,0.01160644,-0.01282817,-0.005497787
167,1.67,0.1615659,0.7246059,0.73607665,0.01160644,-0.01282817,-0.005497787
168,1.68,0.1615659,0.7246059,0.73607665,-0.0392607543751737,-0.0110979934284709,0.0204548638388066
169,1.69,0.1615659,0.7246059,0.73607665,-0.07819075,-0.009773844,0.040317107
170,1.7,0.1615659,0.7246059,0.73607665,-0.0612510367654088,-0.0067285022248868,0.0319424168068579
171,1.71,0.1615659,0.7246059,0.73607665,-0.023823744,0.0,0.013439035
172,1.72,0.1615659,0.7246059,0.73607665,-0.023823744,0.0,0.013439035
173,1.73,0.1615659,0.7246059,0.73607665,-0.023823744,0.0,0.013439035
174,1.74,0.1615659,0.7246059,0.73607665,-0.029612857860692,-0.0031172162212087,0.0281344833165516
175,1.75,0.1615659,0.7246059,0.73607665,-0.0707351284824332,-0.0107710795208004,0.0407762994259192
176,1.76,0.1542202728449616,0.7184690759659381,0.7147836494300311,-0.10140363,-0.015882496,0.04642576
177,1.77,0.14228538,0.7084982,0.6801876,-0.0723313755850045,-0.0182933660957503,0.0393349657646088
178,1.78,0.14228538,0.7084982,0.6801876,0.023823744,-0.026267206,0.015882496
179,1.79,0.14228538,0.7084982,0.6801876,0.023823744,-0.026267206,0.015882496
180,1.8,0.14228538,0.7084982,0.6801876,0.023823744,-0.026267206,0.015882496
181,1.81,0.14228538,0.7084982,0.6801876,0.023823744,-0.026267206,0.015882496
182,1.82,0.14228538,0.7084982,0.6801876,0.023823744,-0.026267206,0.015882496
183,1.83,0.14228538,0.7084982,0.6801876,0.023823744,-0.026267206,0.015882496
184,1.84,0.14228538,0.7084982,0.6801876,0.023823744,-0.026267206,0.015882496
185,1.85,0.14228538,0.7084982,0.6801876,0.023823744,-0.026267206,0.015882496
186,1.86,0.14228538,0.7084982,0.6801876,0.023823744,-0.026267206,0.015882496
187,1.87,0.14228538,0.7084982,0.6801876,0.023823744,-0.026267206,0.015882496
188,1.88,0.14228538,0.7084982,0.6801876,0.023823744,-0.026267206,0.015882496
189,1.89,0.14228538,0.7084982,0.6801876,0.023823744,-0.026267206,0.015882496
190,1.9,0.14228538,0.7084982,0.6801876,0.023823744,-0.026267206,0.015882496
191,1.91,0.14228538,0.7084982,0.6801876,0.023823744,-0.026267206,0.015882496
192,1.92,0.14228538,0.7084982,0.6801876,0.023823744,-0.026267206,0.015882496
193,1.93,0.14228538,0.7084982,0.6801876,0.023823744,-0.026267206,0.015882496
194,1.94,0.14228538,0.7084982,0.6801876,0.023823744,-0.026267206,0.015882496
195,1.95,0.14228538,0.7084982,0.6801876,0.023823744,-0.026267206,0.015882496
196,1.96,0.14228538,0.7084982,0.6801876,0.023823744,-0.026267206,0.015882496
197,1.97,0.14228538,0.7084982,0.6801876,0.023823744,-0.026267206,0.015882496
198,1.98,0.14228538,0.7084982,0.6801876,0.023823744,-0.026267206,0.015882496
199,1.99,0.14228538,0.7084982,0.6801876,0.023823744,-0.026267206,0.015882496
200,2.0,0.14228538,0.7084982,0.6801876,0.023823744,-0.026267206,0.015882496
201,2.01,0.14228538,0.7084982,0.6801876,0.023823744,-0.026267206,0.015882496
202,2.02,0.14228538,0.7084982,0.6801876,0.023823744,-0.026267206,0.015882496
203,2.03,0.14228538,0.7084982,0.6801876,0.023823744,-0.026267206,0.015882496
204,2.04,0.14228538,0.7084982,0.6801876,0.023823744,-0.026267206,0.015882496
205,2.05,0.14228538,0.7084982,0.6801876,0.023823744,-0.026267206,0.015882496
206,2.06,0.14228538,0.7084982,0.6801876,0.023823744,-0.026267206,0.015882496
207,2.07,0.14228538,0.7084982,0.6801876,0.023823744,-0.026267206,0.015882496
208,2.08,0.14228538,0.7084982,0.6801876,0.023823744,-0.026267206,0.015882496
209,2.09,0.14228538,0.7084982,0.6801876,0.023823744,-0.026267206,0.015882496
210,2.1,0.14228538,0.7084982,0.6801876,0.023823744,-0.026267206,0.015882496
211,2.11,0.14228538,0.7084982,0.6801876,0.023823744,-0.026267206,0.015882496
212,2.12,0.14228538,0.7084982,0.6801876,0.023823744,-0.026267206,0.015882496
213,2.13,0.14228538,0.7084982,0.6801876,0.023823744,-0.026267206,0.015882496
214,2.14,0.14228538,0.7084982,0.6801876,0.023823744,-0.026267206,0.015882496
215,2.15,0.14228538,0.7084982,0.6801876,0.023823744,-0.026267206,0.015882496
216,2.16,0.14228538,0.7084982,0.6801876,0.023823744,-0.026267206,0.015882496
217,2.17,0.14228538,0.7084982,0.6801876,0.023823744,-0.026267206,0.015882496
218,2.18,0.14228538,0.7084982,0.6801876,0.023823744,-0.026267206,0.015882496
219,2.19,0.14228538,0.7084982,0.6801876,0.023823744,-0.026267206,0.015882496
220,2.2,0.14228538,0.7084982,0.6801876,0.023823744,-0.026267206,0.015882496
221,2.21,0.14228538,0.7084982,0.6801876,0.023823744,-0.026267206,0.015882496
222,2.22,0.14228538,0.7084982,0.6801876,0.023823744,-0.026267206,0.015882496
223,2.23,0.14228538,0.7084982,0.6801876,0.023823744,-0.026267206,0.015882496
224,2.24,0.14228538,0.7084982,0.6801876,0.023823744,-0.026267206,0.015882496
225,2.25,0.14228538,0.7084982,0.6801876,0.023823744,-0.026267206,0.015882496
226,2.26,0.14228538,0.7084982,0.6801876,0.023823744,-0.026267206,0.015882496
227,2.27,0.14228538,0.7084982,0.6801876,0.023823744,-0.026267206,0.015882496
228,2.28,0.14228538,0.7084982,0.6801876,0.023823744,-0.026267206,0.015882496
229,2.29,0.14228538,0.7084982,0.6801876,0.023823744,-0.026267206,0.015882496
230,2.3,0.14228538,0.7084982,0.6801876,0.023823744,-0.026267206,0.015882496
231,2.31,0.14228538,0.7084982,0.6801876,0.023823744,-0.026267206,0.015882496
232,2.32,0.14228538,0.7084982,0.6801876,0.023823744,-0.026267206,0.015882496
233,2.33,0.14228538,0.7084982,0.6801876,0.023823744,-0.026267206,0.015882496
234,2.34,0.14228538,0.7084982,0.6801876,0.023823744,-0.026267206,0.015882496
235,2.35,0.14228538,0.7084982,0.6801876,0.023823744,-0.026267206,0.015882496
236,2.36,0.14228538,0.7084982,0.6801876,0.023823744,-0.026267206,0.015882496
237,2.37,0.14228538,0.7084982,0.6801876,0.023823744,-0.026267206,0.015882496
238,2.38,0.14228538,0.7084982,0.6801876,0.023823744,-0.026267206,0.015882496
239,2.39,0.14228538,0.7084982,0.6801876,0.023823744,-0.026267206,0.015882496
240,2.4,0.14228538,0.7084982,0.6801876,0.023823744,-0.026267206,0.015882496
241,2.41,0.14228538,0.7084982,0.6801876,0.023823744,-0.026267206,0.015882496
242,2.42,0.14228538,0.7084982,0.6801876,0.023823744,-0.026267206,0.015882496
243,2.43,0.14228538,0.7084982,0.6801876,0.023823744,-0.026267206,0.015882496
244,2.44,0.14228538,0.7084982,0.6801876,0.023823744,-0.026267206,0.015882496
245,2.45,0.14228538,0.7084982,0.6801876,0.023823744,-0.026267206,0.015882496
246,2.46,0.14228538,0.7084982,0.6801876,0.023823744,-0.026267206,0.015882496
247,2.47,0.14228538,0.7084982,0.6801876,0.023823744,-0.026267206,0.015882496
248,2.48,0.14228538,0.7084982,0.6801876,0.023823744,-0.026267206,0.015882496
249,2.49,0.14228538,0.7084982,0.6801876,0.023823744,-0.026267206,0.015882496
250,2.5,0.14228538,0.7084982,0.6801876,0.023823744,-0.026267206,0.015882496
251,2.51,0.14228538,0.7084982,0.6801876,0.023823744,-0.026267206,0.015882496
252,2.52,0.14228538,0.7084982,0.6801876,0.023823744,-0.026267206,0.015882496
253,2.53,0.14228538,0.7084982,0.6801876,0.023823744,-0.026267206,0.015882496
254,2.54,0.14228538,0.7084982,0.6801876,0.023823744,-0.026267206,0.015882496
255,2.55,0.14228538,0.7084982,0.6801876,0.023823744,-0.026267206,0.015882496
256,2.56,0.14228538,0.7084982,0.6801876,0.023823744,-0.026267206,0.015882496
257,2.57,0.14228538,0.7084982,0.6801876,0.023823744,-0.026267206,0.015882496
258,2.58,0.14228538,0.7084982,0.6801876,0.023823744,-0.026267206,0.015882496
259,2.59,0.14228538,0.7084982,0.6801876,0.023823744,-0.026267206,0.015882496
260,2.6,0.14228538,0.7084982,0.6801876,0.023823744,-0.026267206,0.015882496
261,2.61,0.14228538,0.7084982,0.6801876,0.023823744,-0.026267206,0.015882496
262,2.62,0.14228538,0.7084982,0.6801876,0.023823744,-0.026267206,0.015882496
263,2.63,0.14228538,0.7084982,0.6801876,0.023823744,-0.026267206,0.015882496
264,2.64,0.14228538,0.7084982,0.6801876,0.023823744,-0.026267206,0.015882496
265,2.65,0.14228538,0.7084982,0.6801876,0.023823744,-0.026267206,0.015882496
266,2.66,0.14228538,0.7084982,0.6801876,0.023823744,-0.026267206,0.015882496
267,2.67,0.14228538,0.7084982,0.6801876,0.023823744,-0.026267206,0.015882496
268,2.68,0.14228538,0.7084982,0.6801876,0.023823744,-0.026267206,0.015882496
269,2.69,0.14228538,0.7084982,0.6801876,0.023823744,-0.026267206,0.015882496
270,2.7,0.14228538,0.7084982,0.6801876,0.023823744,-0.026267206,0.015882496
271,2.71,0.14228538,0.7084982,0.6801876,0.023823744,-0.026267206,0.015882496
272,2.72,0.14228538,0.7084982,0.6801876,0.023823744,-0.026267206,0.015882496
273,2.73,0.14228538,0.7084982,0.6801876,0.023823744,-0.026267206,0.015882496
274,2.74,0.14228538,0.7084982,0.6801876,0.023823744,-0.026267206,0.015882496
275,2.75,0.14228538,0.7084982,0.6801876,0.023823744,-0.026267206,0.015882496
276,2.76,0.14228538,0.7084982,0.6801876,0.023823744,-0.026267206,0.015882496
277,2.77,0.14228538,0.7084982,0.6801876,0.023823744,-0.026267206,0.015882496
278,2.78,0.14228538,0.7084982,0.6801876,0.023823744,-0.026267206,0.015882496
279,2.79,0.14228538,0.7084982,0.6801876,0.023823744,-0.026267206,0.015882496
280,2.8,0.14228538,0.7084982,0.6801876,0.023823744,-0.026267206,0.015882496
281,2.81,0.14228538,0.7084982,0.6801876,0.023823744,-0.026267206,0.015882496
282,2.82,0.14228538,0.7084982,0.6801876,0.023823744,-0.026267206,0.015882496
283,2.83,0.14228538,0.7084982,0.6801876,0.023823744,-0.026267206,0.015882496
284,2.84,0.14228538,0.7084982,0.6801876,0.023823744,-0.026267206,0.015882496
285,2.85,0.14228538,0.7084982,0.6801876,0.023823744,-0.026267206,0.015882496
286,2.86,0.14228538,0.7084982,0.6801876,0.023823744,-0.026267206,0.015882496
287,2.87,0.14228538,0.7084982,0.6801876,0.023823744,-0.026267206,0.015882496
288,2.88,0.14228538,0.7084982,0.6801876,0.023823744,-0.026267206,0.015882496
289,2.89,0.14228538,0.7084982,0.6801876,0.023823744,-0.026267206,0.015882496
290,2.9,0.14228538,0.7084982,0.6801876,0.023823744,-0.026267206,0.015882496
291,2.91,0.14228538,0.7084982,0.6801876,0.023823744,-0.026267206,0.015882496
292,2.92,0.14228538,0.7084982,0.6801876,0.023823744,-0.026267206,0.015882496
293,2.93,0.14228538,0.7084982,0.6801876,0.023823744,-0.026267206,0.015882496
294,2.94,0.14228538,0.7084982,0.6801876,0.023823744,-0.026267206,0.015882496
295,2.95,0.14228538,0.7084982,0.6801876,0.023823744,-0.026267206,0.015882496
296,2.96,0.14228538,0.7084982,0.6801876,0.023823744,-0.026267206,0.015882496
297,2.97,0.14228538,0.7084982,0.6801876,0.023823744,-0.026267206,0.015882496
298,2.98,0.14228538,0.7084982,0.6801876,0.023823744,-0.026267206,0.015882496
299,2.99,0.14228538,0.7084982,0.6801876,0.023823744,-0.026267206,0.015882496
300,3.0,0.14228538,0.7084982,0.6801876,0.023823744,-0.026267206,0.015882496
301,3.01,0.14228538,0.7084982,0.6801876,0.023823744,-0.026267206,0.015882496
302,3.02,0.14228538,0.7084982,0.6801876,0.023823744,-0.026267206,0.015882496
303,3.03,0.14228538,0.7084982,0.6801876,0.023823744,-0.026267206,0.015882496
304,3.04,0.14228538,0.7084982,0.6801876,0.023823744,-0.026267206,0.015882496
305,3.05,0.14228538,0.7084982,0.6801876,0.023823744,-0.026267206,0.015882496
306,3.06,0.14228538,0.7084982,0.6801876,0.023823744,-0.026267206,0.015882496
307,3.07,0.14228538,0.7084982,0.6801876,0.023823744,-0.026267206,0.015882496
308,3.08,0.14228538,0.7084982,0.6801876,0.023823744,-0.026267206,0.015882496
309,3.09,0.14228538,0.7084982,0.6801876,0.023823744,-0.026267206,0.015882496
310,3.1,0.14228538,0.7084982,0.6801876,0.023823744,-0.026267206,0.015882496
311,3.11,0.14228538,0.7084982,0.6801876,0.023823744,-0.026267206,0.015882496
312,3.12,0.14228538,0.7084982,0.6801876,0.023823744,-0.026267206,0.015882496
313,3.13,0.14228538,0.7084982,0.6801876,0.023823744,-0.026267206,0.015882496
314,3.14,0.14228538,0.7084982,0.6801876,0.023823744,-0.026267206,0.015882496
315,3.15,0.14228538,0.7084982,0.6801876,0.023823744,-0.026267206,0.015882496
316,3.16,0.14228538,0.7084982,0.6801876,0.023823744,-0.026267206,0.015882496
317,3.17,0.14228538,0.7084982,0.6801876,0.023823744,-0.026267206,0.015882496
318,3.18,0.14228538,0.7084982,0.6801876,0.023823744,-0.026267206,0.015882496
319,3.19,0.14228538,0.7084982,0.6801876,0.023823744,-0.026267206,0.015882496
320,3.2,0.14228538,0.7084982,0.6801876,0.023823744,-0.026267206,0.015882496
321,3.21,0.14228538,0.7084982,0.6801876,0.023823744,-0.026267206,0.015882496
322,3.22,0.14228538,0.7084982,0.6801876,0.023823744,-0.026267206,0.015882496
323,3.23,0.14228538,0.7084982,0.6801876,0.023823744,-0.026267206,0.015882496
324,3.24,0.14228538,0.7084982,0.6801876,0.023823744,-0.026267206,0.015882496
325,3.25,0.14228538,0.7084982,0.6801876,0.023823744,-0.026267206,0.015882496
326,3.26,0.14228538,0.7084982,0.6801876,0.023823744,-0.026267206,0.015882496
327,3.27,0.14228538,0.7084982,0.6801876,0.023823744,-0.026267206,0.015882496
328,3.28,0.14228538,0.7084982,0.6801876,0.023823744,-0.026267206,0.015882496
329,3.29,0.14228538,0.7084982,0.6801876,0.023823744,-0.026267206,0.015882496
330,3.3,0.14228538,0.7084982,0.6801876,0.023823744,-0.026267206,0.015882496
331,3.31,0.14228538,0.7084982,0.6801876,0.023823744,-0.026267206,0.015882496
332,3.32,0.14228538,0.7084982,0.6801876,0.023823744,-0.026267206,0.015882496
333,3.33,0.14228538,0.7084982,0.6801876,0.023823744,-0.026267206,0.015882496
334,3.34,0.14228538,0.7084982,0.6801876,0.023823744,-0.026267206,0.015882496
335,3.35,0.14228538,0.7084982,0.6801876,0.023823744,-0.026267206,0.015882496
336,3.36,0.14228538,0.7084982,0.6801876,0.023823744,-0.026267206,0.015882496
337,3.37,0.14228538,0.7084982,0.6801876,0.023823744,-0.026267206,0.015882496
338,3.38,0.14228538,0.7084982,0.6801876,0.023823744,-0.026267206,0.015882496
339,3.39,0.14228538,0.7084982,0.6801876,0.023823744,-0.026267206,0.015882496
340,3.4,0.14228538,0.7084982,0.6801876,0.023823744,-0.026267206,0.015882496
341,3.41,0.14228538,0.7084982,0.6801876,0.023823744,-0.026267206,0.015882496
342,3.42,0.14228538,0.7084982,0.6801876,0.023823744,-0.026267206,0.015882496
343,3.43,0.14228538,0.7084982,0.6801876,0.023823744,-0.026267206,0.015882496
344,3.44,0.14228538,0.7084982,0.6801876,0.023823744,-0.026267206,0.015882496
345,3.45,0.14228538,0.7084982,0.6801876,0.023823744,-0.026267206,0.015882496
346,3.46,0.14228538,0.7084982,0.6801876,0.023823744,-0.026267206,0.015882496
347,3.47,0.14228538,0.7084982,0.6801876,0.023823744,-0.026267206,0.015882496
348,3.48,0.14228538,0.7084982,0.6801876,0.023823744,-0.026267206,0.015882496
349,3.49,0.14228538,0.7084982,0.6801876,0.023823744,-0.026267206,0.015882496
350,3.5,0.14228538,0.7084982,0.6801876,0.023823744,-0.026267206,0.015882496
351,3.51,0.14228538,0.7084982,0.6801876,0.023823744,-0.026267206,0.015882496
352,3.52,0.14228538,0.7084982,0.6801876,0.023823744,-0.026267206,0.015882496
353,3.53,0.14228538,0.7084982,0.6801876,0.023823744,-0.026267206,0.015882496
354,3.54,0.14228538,0.7084982,0.6801876,0.023823744,-0.026267206,0.015882496
355,3.55,0.14228538,0.7084982,0.6801876,0.023823744,-0.026267206,0.015882496
356,3.56,0.14228538,0.7084982,0.6801876,0.023823744,-0.026267206,0.015882496
357,3.57,0.14228538,0.7084982,0.6801876,0.023823744,-0.026267206,0.015882496
358,3.58,0.14228538,0.7084982,0.6801876,0.023823744,-0.026267206,0.015882496
359,3.59,0.14228538,0.7084982,0.6801876,0.023823744,-0.026267206,0.015882496
360,3.6,0.14228538,0.7084982,0.6801876,0.023823744,-0.026267206,0.015882496
361,3.61,0.14228538,0.7084982,0.6801876,0.023823744,-0.026267206,0.015882496
362,3.62,0.14228538,0.7084982,0.6801876,0.023823744,-0.026267206,0.015882496
363,3.63,0.14228538,0.7084982,0.6801876,0.023823744,-0.026267206,0.015882496
364,3.64,0.14228538,0.7084982,0.6801876,0.023823744,-0.026267206,0.015882496
365,3.65,0.14228538,0.7084982,0.6801876,0.023823744,-0.026267206,0.015882496
366,3.66,0.14228538,0.7084982,0.6801876,0.023823744,-0.026267206,0.015882496
367,3.67,0.14228538,0.7084982,0.6801876,0.023823744,-0.026267206,0.015882496
368,3.68,0.14228538,0.7084982,0.6801876,0.023823744,-0.026267206,0.015882496
369,3.69,0.14228538,0.7084982,0.6801876,0.023823744,-0.026267206,0.015882496
370,3.7,0.14228538,0.7084982,0.6801876,0.023823744,-0.026267206,0.015882496
371,3.71,0.14228538,0.7084982,0.6801876,0.023823744,-0.026267206,0.015882496
372,3.72,0.14228538,0.7084982,0.6801876,0.023823744,-0.026267206,0.015882496
373,3.73,0.14228538,0.7084982,0.6801876,0.023823744,-0.026267206,0.015882496
374,3.74,0.14228538,0.7084982,0.6801876,0.023823744,-0.026267206,0.015882496
375,3.75,0.14228538,0.7084982,0.6801876,0.023823744,-0.026267206,0.015882496
376,3.76,0.14228538,0.7084982,0.6801876,0.023823744,-0.026267206,0.015882496
377,3.77,0.14228538,0.7084982,0.6801876,0.023823744,-0.026267206,0.015882496
378,3.78,0.14228538,0.7084982,0.6801876,0.023823744,-0.026267206,0.015882496
379,3.79,0.14228538,0.7084982,0.6801876,0.023823744,-0.026267206,0.015882496
380,3.8,0.14228538,0.7084982,0.6801876,0.023823744,-0.026267206,0.015882496
381,3.81,0.14228538,0.7084982,0.6801876,0.023823744,-0.026267206,0.015882496
382,3.82,0.14228538,0.7084982,0.6801876,0.023823744,-0.026267206,0.015882496
383,3.83,0.14228538,0.7084982,0.6801876,0.023823744,-0.026267206,0.015882496
384,3.84,0.14228538,0.7084982,0.6801876,0.023823744,-0.026267206,0.015882496
385,3.85,0.14228538,0.7084982,0.6801876,0.023823744,-0.026267206,0.015882496
386,3.86,0.1430696329607839,0.7076093797635514,0.6804228744957616,0.023823744,-0.026267206,0.015882496
387,3.87,0.14960709,0.70020026,0.6823841,0.023823744,-0.026267206,0.015882496
388,3.88,0.14960709,0.70020026,0.6823841,0.023823744,-0.026267206,0.015882496
389,3.89,0.14960709,0.70020026,0.6823841,0.023823744,-0.026267206,0.015882496
390,3.9,0.14960709,0.70020026,0.6823841,0.023823744,-0.026267206,0.015882496
391,3.91,0.14960709,0.70020026,0.6823841,0.023823744,-0.026267206,0.015882496
392,3.92,0.14960709,0.70020026,0.6823841,0.023823744,-0.026267206,0.015882496
393,3.93,0.14960709,0.70020026,0.6823841,0.023823744,-0.026267206,0.015882496
394,3.94,0.14960709,0.70020026,0.6823841,0.023823744,-0.026267206,0.015882496
395,3.95,0.14960709,0.70020026,0.6823841,0.023823744,-0.026267206,0.015882496
396,3.96,0.14960709,0.70020026,0.6823841,0.023823744,-0.026267206,0.015882496
397,3.97,0.14960709,0.70020026,0.6823841,0.023823744,-0.026267206,0.015882496
398,3.98,0.14960709,0.70020026,0.6823841,0.023823744,-0.026267206,0.015882496
399,3.99,0.14960709,0.70020026,0.6823841,0.023823744,-0.026267206,0.015882496
400,4.0,0.14960709,0.70020026,0.6823841,0.023823744,-0.026267206,0.015882496
401,4.01,0.14960709,0.70020026,0.6823841,0.023823744,-0.026267206,0.015882496
402,4.02,0.14960709,0.70020026,0.6823841,0.023823744,-0.026267206,0.015882496
403,4.03,0.14960709,0.70020026,0.6823841,0.023823744,-0.026267206,0.015882496
404,4.04,0.14960709,0.70020026,0.6823841,0.023823744,-0.026267206,0.015882496
405,4.05,0.14960709,0.70020026,0.6823841,0.023823744,-0.026267206,0.015882496
406,4.06,0.14960709,0.70020026,0.6823841,0.023823744,-0.026267206,0.015882496
407,4.07,0.14960709,0.70020026,0.6823841,0.023823744,-0.026267206,0.015882496
408,4.08,0.14960709,0.70020026,0.6823841,0.023823744,-0.026267206,0.015882496
409,4.09,0.14960709,0.70020026,0.6823841,0.023823744,-0.026267206,0.015882496
410,4.1,0.14960709,0.70020026,0.6823841,0.023823744,-0.026267206,0.015882496
411,4.11,0.14960709,0.70020026,0.6823841,0.023823744,-0.026267206,0.015882496
412,4.12,0.14960709,0.70020026,0.6823841,0.023823744,-0.026267206,0.015882496
413,4.13,0.14960709,0.70020026,0.6823841,0.023823744,-0.026267206,0.015882496
414,4.14,0.14960709,0.70020026,0.6823841,0.023823744,-0.026267206,0.015882496
415,4.15,0.14960709,0.70020026,0.6823841,0.023823744,-0.026267206,0.015882496
416,4.16,0.14960709,0.70020026,0.6823841,0.023823744,-0.026267206,0.015882496
417,4.17,0.14960709,0.70020026,0.6823841,0.023823744,-0.026267206,0.015882496
418,4.18,0.14960709,0.70020026,0.6823841,0.023823744,-0.026267206,0.015882496
419,4.19,0.14960709,0.70020026,0.6823841,0.023823744,-0.026267206,0.015882496
420,4.2,0.14960709,0.70020026,0.6823841,0.023823744,-0.026267206,0.015882496
421,4.21,0.14960709,0.70020026,0.6823841,0.023823744,-0.026267206,0.015882496
422,4.22,0.14960709,0.70020026,0.6823841,0.023823744,-0.026267206,0.015882496
423,4.23,0.14960709,0.70020026,0.6823841,0.023823744,-0.026267206,0.015882496
424,4.24,0.14960709,0.70020026,0.6823841,0.023823744,-0.026267206,0.015882496
425,4.25,0.14960709,0.70020026,0.6823841,0.023823744,-0.026267206,0.015882496
426,4.26,0.14960709,0.70020026,0.6823841,0.023823744,-0.026267206,0.015882496
427,4.27,0.14960709,0.70020026,0.6823841,0.023823744,-0.026267206,0.015882496
428,4.28,0.14960709,0.70020026,0.6823841,0.023823744,-0.026267206,0.015882496
429,4.29,0.14960709,0.70020026,0.6823841,0.023823744,-0.026267206,0.015882496
430,4.3,0.14960709,0.70020026,0.6823841,0.023823744,-0.026267206,0.015882496
431,4.31,0.14960709,0.70020026,0.6823841,0.023823744,-0.026267206,0.015882496
432,4.32,0.14960709,0.70020026,0.6823841,0.023823744,-0.026267206,0.015882496
433,4.33,0.14960709,0.70020026,0.6823841,0.023823744,-0.026267206,0.015882496
434,4.34,0.14960709,0.70020026,0.6823841,0.023823744,-0.026267206,0.015882496
435,4.35,0.14960709,0.70020026,0.6823841,0.023823744,-0.026267206,0.015882496
436,4.36,0.14960709,0.70020026,0.6823841,0.023823744,-0.026267206,0.015882496
437,4.37,0.14960709,0.70020026,0.6823841,0.023823744,-0.026267206,0.015882496
438,4.38,0.14960709,0.70020026,0.6823841,0.023823744,-0.026267206,0.015882496
439,4.39,0.14960709,0.70020026,0.6823841,0.023823744,-0.026267206,0.015882496
440,4.4,0.14960709,0.70020026,0.6823841,0.023823744,-0.026267206,0.015882496
441,4.41,0.14960709,0.70020026,0.6823841,0.023823744,-0.026267206,0.015882496
442,4.42,0.14960709,0.70020026,0.6823841,0.023823744,-0.026267206,0.015882496
443,4.43,0.14960709,0.70020026,0.6823841,0.023823744,-0.026267206,0.015882496
444,4.44,0.14960709,0.70020026,0.6823841,0.023823744,-0.026267206,0.015882496
445,4.45,0.14960709,0.70020026,0.6823841,0.023823744,-0.026267206,0.015882496
446,4.46,0.14960709,0.70020026,0.6823841,0.023823744,-0.026267206,0.015882496
447,4.47,0.14960709,0.70020026,0.6823841,0.023823744,-0.026267206,0.015882496
448,4.48,0.14960709,0.70020026,0.6823841,0.023823744,-0.026267206,0.015882496
449,4.49,0.14960709,0.70020026,0.6823841,0.023823744,-0.026267206,0.015882496
450,4.5,0.14960709,0.70020026,0.6823841,0.023823744,-0.026267206,0.015882496
451,4.51,0.14960709,0.70020026,0.6823841,0.023823744,-0.026267206,0.015882496
452,4.52,0.14960709,0.70020026,0.6823841,0.023823744,-0.026267206,0.015882496
453,4.53,0.14960709,0.70020026,0.6823841,0.023823744,-0.026267206,0.015882496
454,4.54,0.14960709,0.70020026,0.6823841,0.023823744,-0.026267206,0.015882496
455,4.55,0.14960709,0.70020026,0.6823841,0.023823744,-0.026267206,0.015882496
456,4.56,0.14960709,0.70020026,0.6823841,0.023823744,-0.026267206,0.015882496
457,4.57,0.14960709,0.70020026,0.6823841,0.023823744,-0.026267206,0.015882496
458,4.58,0.14960709,0.70020026,0.6823841,0.023823744,-0.026267206,0.015882496
459,4.59,0.14960709,0.70020026,0.6823841,0.023823744,-0.026267206,0.015882496
460,4.6,0.14960709,0.70020026,0.6823841,0.023823744,-0.026267206,0.015882496
461,4.61,0.14960709,0.70020026,0.6823841,0.023823744,-0.026267206,0.015882496
462,4.62,0.14960709,0.70020026,0.6823841,0.023823744,-0.026267206,0.015882496
463,4.63,0.14960709,0.70020026,0.6823841,0.023823744,-0.026267206,0.015882496
464,4.64,0.14960709,0.70020026,0.6823841,0.023823744,-0.026267206,0.015882496
465,4.65,0.14960709,0.70020026,0.6823841,0.023823744,-0.026267206,0.015882496
466,4.66,0.14960709,0.70020026,0.6823841,0.023823744,-0.026267206,0.015882496
467,4.67,0.14960709,0.70020026,0.6823841,0.023823744,-0.026267206,0.015882496
468,4.68,0.14960709,0.70020026,0.6823841,0.023823744,-0.026267206,0.015882496
469,4.69,0.14960709,0.70020026,0.6823841,0.023823744,-0.026267206,0.015882496
470,4.7,0.14960709,0.70020026,0.6823841,0.023823744,-0.026267206,0.015882496
471,4.71,0.14960709,0.70020026,0.6823841,0.023823744,-0.026267206,0.015882496
472,4.72,0.14960709,0.70020026,0.6823841,0.023823744,-0.026267206,0.015882496
473,4.73,0.14960709,0.70020026,0.6823841,0.023823744,-0.026267206,0.015882496
474,4.74,0.14960709,0.70020026,0.6823841,0.023823744,-0.026267206,0.015882496
475,4.75,0.14960709,0.70020026,0.6823841,0.023823744,-0.026267206,0.015882496
476,4.76,0.14960709,0.70020026,0.6823841,0.023823744,-0.026267206,0.015882496
477,4.77,0.14960709,0.70020026,0.6823841,0.023823744,-0.026267206,0.015882496
478,4.78,0.14960709,0.70020026,0.6823841,0.023823744,-0.026267206,0.015882496
479,4.79,0.14960709,0.70020026,0.6823841,0.023823744,-0.026267206,0.015882496
480,4.8,0.14960709,0.70020026,0.6823841,0.023823744,-0.026267206,0.015882496
481,4.81,0.14960709,0.70020026,0.6823841,0.023823744,-0.026267206,0.015882496
482,4.82,0.14960709,0.70020026,0.6823841,0.023823744,-0.026267206,0.015882496
483,4.83,0.14960709,0.70020026,0.6823841,0.023823744,-0.026267206,0.015882496
484,4.84,0.14960709,0.70020026,0.6823841,0.023823744,-0.026267206,0.015882496
485,4.85,0.14960709,0.70020026,0.6823841,0.023823744,-0.026267206,0.015882496
486,4.86,0.14960709,0.70020026,0.6823841,0.023823744,-0.026267206,0.015882496
487,4.87,0.14960709,0.70020026,0.6823841,0.023823744,-0.026267206,0.015882496
488,4.88,0.14960709,0.70020026,0.6823841,0.023823744,-0.026267206,0.015882496
489,4.89,0.14960709,0.70020026,0.6823841,0.023823744,-0.026267206,0.015882496
490,4.9,0.14960709,0.70020026,0.6823841,0.023823744,-0.026267206,0.015882496
491,4.91,0.14960709,0.70020026,0.6823841,0.023823744,-0.026267206,0.015882496
492,4.92,0.14960709,0.70020026,0.6823841,0.023823744,-0.026267206,0.015882496
493,4.93,0.14960709,0.70020026,0.6823841,0.023823744,-0.026267206,0.015882496
494,4.94,0.14960709,0.70020026,0.6823841,0.023823744,-0.026267206,0.015882496
495,4.95,0.14960709,0.70020026,0.6823841,0.023823744,-0.026267206,0.015882496
496,4.96,0.14960709,0.70020026,0.6823841,0.023823744,-0.026267206,0.015882496
497,4.97,0.14960709,0.70020026,0.6823841,0.023823744,-0.026267206,0.015882496
498,4.98,0.14960709,0.70020026,0.6823841,0.023823744,-0.026267206,0.015882496
499,4.99,0.14960709,0.70020026,0.6823841,0.023823744,-0.026267206,0.015882496
500,5.0,0.14960709,0.70020026,0.6823841,0.023823744,-0.026267206,0.015882496
501,5.01,0.14960709,0.70020026,0.6823841,0.023823744,-0.026267206,0.015882496
502,5.02,0.14960709,0.70020026,0.6823841,0.023823744,-0.026267206,0.015882496
503,5.03,0.14960709,0.70020026,0.6823841,0.023823744,-0.026267206,0.015882496
504,5.04,0.14960709,0.70020026,0.6823841,0.023823744,-0.026267206,0.015882496
505,5.05,0.14960709,0.70020026,0.6823841,0.023823744,-0.026267206,0.015882496
506,5.06,0.14960709,0.70020026,0.6823841,0.023823744,-0.026267206,0.015882496
507,5.07,0.14960709,0.70020026,0.6823841,0.023823744,-0.026267206,0.015882496
508,5.08,0.14960709,0.70020026,0.6823841,0.023823744,-0.026267206,0.015882496
509,5.09,0.14960709,0.70020026,0.6823841,0.023823744,-0.026267206,0.015882496
510,5.1,0.14960709,0.70020026,0.6823841,0.023823744,-0.026267206,0.015882496
511,5.11,0.14960709,0.70020026,0.6823841,0.023823744,-0.026267206,0.015882496
512,5.12,0.14960709,0.70020026,0.6823841,0.023823744,-0.026267206,0.015882496
513,5.13,0.14960709,0.70020026,0.6823841,0.023823744,-0.026267206,0.015882496
514,5.14,0.14960709,0.70020026,0.6823841,0.023823744,-0.026267206,0.015882496
515,5.15,0.14960709,0.70020026,0.6823841,0.023823744,-0.026267206,0.015882496
516,5.16,0.14960709,0.70020026,0.6823841,0.023823744,-0.026267206,0.015882496
517,5.17,0.14960709,0.70020026,0.6823841,0.023823744,-0.026267206,0.015882496
518,5.18,0.14960709,0.70020026,0.6823841,0.023823744,-0.026267206,0.015882496
519,5.19,0.14960709,0.70020026,0.6823841,0.023823744,-0.026267206,0.015882496
520,5.2,0.14960709,0.70020026,0.6823841,0.023823744,-0.026267206,0.015882496
521,5.21,0.14960709,0.70020026,0.6823841,0.023823744,-0.026267206,0.015882496
522,5.22,0.14960709,0.70020026,0.6823841,0.023823744,-0.026267206,0.015882496
523,5.23,0.14960709,0.70020026,0.6823841,0.023823744,-0.026267206,0.015882496
524,5.24,0.14960709,0.70020026,0.6823841,0.023823744,-0.026267206,0.015882496
525,5.25,0.14960709,0.70020026,0.6823841,0.023823744,-0.026267206,0.015882496
526,5.26,0.14960709,0.70020026,0.6823841,0.023823744,-0.026267206,0.015882496
527,5.27,0.14960709,0.70020026,0.6823841,0.023823744,-0.026267206,0.015882496
528,5.28,0.14960709,0.70020026,0.6823841,0.023823744,-0.026267206,0.015882496
529,5.29,0.14960709,0.70020026,0.6823841,0.023823744,-0.026267206,0.015882496
530,5.3,0.14960709,0.70020026,0.6823841,0.023823744,-0.026267206,0.015882496
531,5.31,0.14960709,0.70020026,0.6823841,0.023823744,-0.026267206,0.015882496
532,5.32,0.14960709,0.70020026,0.6823841,0.023823744,-0.026267206,0.015882496
533,5.33,0.14960709,0.70020026,0.6823841,0.023823744,-0.026267206,0.015882496
534,5.34,0.14960709,0.70020026,0.6823841,0.023823744,-0.026267206,0.015882496
535,5.35,0.14960709,0.70020026,0.6823841,0.023823744,-0.026267206,0.015882496
536,5.36,0.14960709,0.70020026,0.6823841,0.023823744,-0.026267206,0.015882496
537,5.37,0.14960709,0.70020026,0.6823841,0.023823744,-0.026267206,0.015882496
538,5.38,0.14960709,0.70020026,0.6823841,0.023823744,-0.026267206,0.015882496
539,5.39,0.14960709,0.70020026,0.6823841,0.023823744,-0.026267206,0.015882496
540,5.4,0.14960709,0.70020026,0.6823841,0.023823744,-0.026267206,0.015882496
541,5.41,0.14960709,0.70020026,0.6823841,0.023823744,-0.026267206,0.015882496
542,5.42,0.14960709,0.70020026,0.6823841,0.023823744,-0.026267206,0.015882496
543,5.43,0.14960709,0.70020026,0.6823841,0.023823744,-0.026267206,0.015882496
544,5.44,0.14960709,0.70020026,0.6823841,0.023823744,-0.026267206,0.015882496
545,5.45,0.14960709,0.70020026,0.6823841,0.023823744,-0.026267206,0.015882496
546,5.46,0.14960709,0.70020026,0.6823841,0.023823744,-0.026267206,0.015882496
547,5.47,0.14960709,0.70020026,0.6823841,0.023823744,-0.026267206,0.015882496
548,5.48,0.14960709,0.70020026,0.6823841,0.023823744,-0.026267206,0.015882496
549,5.49,0.14960709,0.70020026,0.6823841,0.023823744,-0.026267206,0.015882496
550,5.5,0.14960709,0.70020026,0.6823841,0.023823744,-0.026267206,0.015882496
551,5.51,0.14960709,0.70020026,0.6823841,0.023823744,-0.026267206,0.015882496
552,5.52,0.14960709,0.70020026,0.6823841,0.023823744,-0.026267206,0.015882496
553,5.53,0.14960709,0.70020026,0.6823841,0.023823744,-0.026267206,0.015882496
554,5.54,0.14960709,0.70020026,0.6823841,0.023823744,-0.026267206,0.015882496
555,5.55,0.14960709,0.70020026,0.6823841,0.023823744,-0.026267206,0.015882496
556,5.56,0.14960709,0.70020026,0.6823841,0.023823744,-0.026267206,0.015882496
557,5.57,0.14960709,0.70020026,0.6823841,0.023823744,-0.026267206,0.015882496
558,5.58,0.14960709,0.70020026,0.6823841,0.023823744,-0.026267206,0.015882496
559,5.59,0.14960709,0.70020026,0.6823841,0.023823744,-0.026267206,0.015882496
560,5.6,0.14960709,0.70020026,0.6823841,0.023823744,-0.026267206,0.015882496
561,5.61,0.14960709,0.70020026,0.6823841,0.023823744,-0.026267206,0.015882496
562,5.62,0.14960709,0.70020026,0.6823841,0.023823744,-0.026267206,0.015882496
563,5.63,0.14960709,0.70020026,0.6823841,0.023823744,-0.026267206,0.015882496
564,5.64,0.14960709,0.70020026,0.6823841,0.023823744,-0.026267206,0.015882496
565,5.65,0.14960709,0.70020026,0.6823841,0.023823744,-0.026267206,0.015882496
566,5.66,0.14960709,0.70020026,0.6823841,0.023823744,-0.026267206,0.015882496
567,5.67,0.14960709,0.70020026,0.6823841,0.023823744,-0.026267206,0.015882496
568,5.68,0.1792787120441486,0.6246397241788314,0.7506168015185795,0.023823744,-0.026267206,0.015882496
569,5.69,0.20988922,0.54668826,0.82100856,0.023823744,-0.026267206,0.015882496
570,5.7,0.20988922,0.54668826,0.82100856,0.023823744,-0.026267206,0.015882496
571,5.71,0.20988922,0.54668826,0.82100856,0.023823744,-0.026267206,0.015882496
572,5.72,0.20988922,0.54668826,0.82100856,0.023823744,-0.026267206,0.015882496
573,5.73,0.20988922,0.54668826,0.82100856,0.023823744,-0.026267206,0.015882496
574,5.74,0.20988922,0.54668826,0.82100856,0.023823744,-0.026267206,0.015882496
575,5.75,0.20988922,0.54668826,0.82100856,0.023823744,-0.026267206,0.015882496
576,5.76,0.20988922,0.54668826,0.82100856,0.023823744,-0.026267206,0.015882496
577,5.77,0.20988922,0.54668826,0.82100856,0.023823744,-0.026267206,0.015882496
578,5.78,0.20988922,0.54668826,0.82100856,0.023823744,-0.026267206,0.015882496
579,5.79,0.20988922,0.54668826,0.82100856,0.023823744,-0.026267206,0.015882496
580,5.8,0.20988922,0.54668826,0.82100856,0.023823744,-0.026267206,0.015882496
581,5.81,0.20988922,0.54668826,0.82100856,0.023823744,-0.026267206,0.015882496
582,5.82,0.20988922,0.54668826,0.82100856,0.023823744,-0.026267206,0.015882496
583,5.83,0.20988922,0.54668826,0.82100856,0.023823744,-0.026267206,0.015882496
584,5.84,0.20988922,0.54668826,0.82100856,0.023823744,-0.026267206,0.015882496
585,5.85,0.20988922,0.54668826,0.82100856,0.023823744,-0.026267206,0.015882496
586,5.86,0.20988922,0.54668826,0.82100856,0.023823744,-0.026267206,0.015882496
587,5.87,0.20988922,0.54668826,0.82100856,0.023823744,-0.026267206,0.015882496
588,5.88,0.20988922,0.54668826,0.82100856,0.023823744,-0.026267206,0.015882496
589,5.89,0.20988922,0.54668826,0.82100856,0.023823744,-0.026267206,0.015882496
590,5.9,0.20988922,0.54668826,0.82100856,0.023823744,-0.026267206,0.015882496
591,5.91,0.20988922,0.54668826,0.82100856,0.023823744,-0.026267206,0.015882496
592,5.92,0.20988922,0.54668826,0.82100856,0.023823744,-0.026267206,0.015882496
593,5.93,0.20988922,0.54668826,0.82100856,0.023823744,-0.026267206,0.015882496
594,5.94,0.1898499981035322,0.6001261861976463,0.7718289734160884,0.023823744,-0.026267206,0.015882496
595,5.95,0.1513155,0.70288485,0.6772589,0.023823744,-0.026267206,0.015882496
596,5.96,0.1513155,0.70288485,0.6772589,0.023823744,-0.026267206,0.015882496
597,5.97,0.1513155,0.70288485,0.6772589,0.023823744,-0.026267206,0.015882496
598,5.98,0.1513155,0.70288485,0.6772589,0.023823744,-0.026267206,0.015882496
599,5.99,0.1513155,0.70288485,0.6772589,0.0192745274064539,-0.0150279646240912,0.0094600726382392
600,6.0,0.1513155,0.70288485,0.6772589,0.0165797202379531,0.0050093081449987,-0.0014230571471337
601,6.01,0.1513155,0.70288485,0.6772589,0.025045475,0.020158553,-0.008552114
602,6.02,0.1513155,0.70288485,0.6772589,0.025045475,0.020158553,-0.008552114
603,6.03,0.140615880459537,0.6988951690402899,0.676170791007094,0.025045475,0.020158553,-0.008552114
604,6.04,0.13691612,0.6975156,0.67579454,0.025045475,0.020158553,-0.008552114
605,6.05,0.13691612,0.6975156,0.67579454,0.025045475,0.020158553,-0.008552114
606,6.06,0.13691612,0.6975156,0.67579454,0.025045475,0.020158553,-0.008552114
607,6.07,0.13691612,0.6975156,0.67579454,0.025045475,0.020158553,-0.008552114
608,6.08,0.13691612,0.6975156,0.67579454,0.025045475,0.020158553,-0.008552114
609,6.09,0.13691612,0.6975156,0.67579454,0.0074898063134421,0.0124013974961629,-0.0012032290294157
610,6.1,0.13691612,0.6975156,0.67579454,-0.0012217305,0.008552114,0.002443461
611,6.11,0.1424166366107354,0.6998584184272616,0.6809894480081781,-0.0009667755331133,0.0019232846522638,-0.0001060887106031
612,6.12,0.15009521,0.70312893,0.6882414,-0.00061086525,-0.007330383,-0.0036651916
613,6.13,0.150175806855361,0.7030304224877155,0.687838417557852,-0.00061086525,-0.007330383,-0.0036651916
614,6.14,0.151684598175359,0.7011863396283586,0.6802944953030579,-0.00061086525,-0.007330383,-0.0036651916
615,6.15,0.1497983444969965,0.7034625926995025,0.6733219565018017,-0.00061086525,-0.007330383,-0.0036651916
616,6.16,0.14765464,0.7060576,0.66993713,-0.00061086525,-0.007330383,-0.0036651916
617,6.17,0.14765464,0.7060576,0.66993713,-0.00061086525,-0.007330383,-0.0036651916
618,6.18,0.14765464,0.7060576,0.66993713,-0.00061086525,-0.007330383,-0.0036651916
619,6.19,0.14765464,0.7060576,0.66993713,-0.00061086525,-0.007330383,-0.0036651916
620,6.2,0.14765464,0.7060576,0.66993713,-0.00061086525,-0.007330383,-0.0036651916
621,6.21,0.14765464,0.7060576,0.66993713,-0.00061086525,-0.007330383,-0.0036651916
622,6.22,0.14765464,0.7060576,0.66993713,-0.00061086525,-0.007330383,-0.0036651916
623,6.23,0.14765464,0.7060576,0.66993713,0.0039144277825984,-0.0015480646223097,-0.0016539503482081
624,6.24,0.14765464,0.7060576,0.66993713,0.01038471,0.0067195175,0.0012217305
625,6.25,0.1425287858304036,0.6880539854792374,0.6762245095226711,0.01038471,0.0067195175,0.0012217305
626,6.26,0.1007823962246668,0.5414275148017791,0.7274306863798692,0.01038471,0.0067195175,0.0012217305
627,6.27,0.09811102,0.5320448,0.7307074,0.01038471,0.0067195175,0.0012217305
628,6.28,0.09811102,0.5320448,0.7307074,0.0038134640147647,0.0035903530561357,0.0037250620550914
629,6.29,0.1141079670880093,0.5871539102199069,0.7132561838544744,-0.002443461,0.00061086525,0.0061086523
630,6.3,0.14911897,0.707766,0.67506236,-0.002443461,0.00061086525,0.0061086523
631,6.31,0.14911897,0.707766,0.67506236,-0.002443461,0.00061086525,0.0061086523
632,6.32,0.14911897,0.707766,0.67506236,-0.002443461,0.00061086525,0.0061086523
633,6.33,0.14911897,0.707766,0.67506236,0.0020761827724577,0.0013641392429044,-0.0025539979864239
634,6.34,0.1518027944704207,0.7066726028525026,0.6775473846187985,0.004886922,0.0018325958,-0.007941248
635,6.35,0.15570852,0.7050814,0.6811638,0.004886922,0.0018325958,-0.007941248
636,6.36,0.1555444075424244,0.7053861761614082,0.6811169120987224,0.004886922,0.0018325958,-0.007941248
637,6.37,0.1541881950027065,0.7079048225701903,0.6807294341423678,0.004886922,0.0018325958,-0.007941248
638,6.38,0.15400012,0.7082541,0.6806757,-0.0084382361572643,0.0087419375275377,0.0093321042990685
639,6.39,0.15400012,0.7082541,0.6806757,-0.01160644,0.01038471,0.013439035
640,6.4,0.15400012,0.7082541,0.6806757,-0.01160644,0.01038471,0.013439035
641,6.41,0.15400012,0.7082541,0.6806757,-0.01160644,0.01038471,0.013439035
642,6.42,0.15400012,0.7082541,0.6806757,-0.01160644,0.01038471,0.013439035
643,6.43,0.15400012,0.7082541,0.6806757,-0.01160644,0.01038471,0.013439035
644,6.44,0.1767315646658829,0.6236720416001993,0.8332758127638908,-0.01160644,0.01038471,0.013439035
645,6.45,0.18548352,0.59110665,0.8920292,-0.01160644,0.01038471,0.013439035
646,6.46,0.18548352,0.59110665,0.8920292,-0.01160644,0.01038471,0.013439035
647,6.47,0.18548352,0.59110665,0.8920292,-0.01160644,0.01038471,0.013439035
648,6.48,0.18548352,0.59110665,0.8920292,-0.01160644,0.01038471,0.013439035
649,6.49,0.18548352,0.59110665,0.8920292,-0.01160644,0.01038471,0.013439035
650,6.5,0.18548352,0.59110665,0.8920292,-0.01160644,0.01038471,0.013439035
651,6.51,0.18548352,0.59110665,0.8920292,-0.01160644,0.01038471,0.013439035
652,6.52,0.18548352,0.59110665,0.8920292,-0.01160644,0.01038471,0.013439035
653,6.53,0.18548352,0.59110665,0.8920292,-0.01160644,0.01038471,0.013439035
654,6.54,0.18548352,0.59110665,0.8920292,-0.01160644,0.01038471,0.013439035
655,6.55,0.18548352,0.59110665,0.8920292,-0.01160644,0.01038471,0.013439035
656,6.56,0.168209257842629,0.6504234002461697,0.7839381215709387,-0.01160644,0.01038471,0.013439035
657,6.57,0.15229172,0.7050814,0.68433654,-0.01160644,0.01038471,0.013439035
658,6.58,0.15229172,0.7050814,0.68433654,-0.01160644,0.01038471,0.013439035
659,6.59,0.15229172,0.7050814,0.68433654,-0.01160644,0.01038471,0.013439035
660,6.6,0.15229172,0.7050814,0.68433654,-0.01160644,0.01038471,0.013439035
661,6.61,0.15229172,0.7050814,0.68433654,-0.01160644,0.01038471,0.013439035
662,6.62,0.15229172,0.7050814,0.68433654,-0.0069571640923232,0.0077694919986823,0.0073368607338844
663,6.63,0.15229172,0.7050814,0.68433654,-0.0018325958,0.004886922,0.00061086525
664,6.64,0.15229172,0.7050814,0.68433654,-0.0003138997491854,0.005646269913531,-0.0002244174983915
665,6.65,0.15229172,0.7050814,0.68433654,0.0094655034047233,0.0105359707700759,-0.0056030887207502
666,6.66,0.15229172,0.7050814,0.68433654,0.01038471,0.010995574,-0.0061086523
667,6.67,0.15229172,0.7050814,0.68433654,0.01038471,0.010995574,-0.0061086523
668,6.68,0.15229172,0.7050814,0.68433654,0.01038471,0.010995574,-0.0061086523
669,6.69,0.15229172,0.7050814,0.68433654,0.01038471,0.010995574,-0.0061086523
670,6.7,0.15229172,0.7050814,0.68433654,0.01038471,0.010995574,-0.0061086523
671,6.71,0.15229172,0.7050814,0.68433654,0.0025959818325906,0.0080284398156557,-0.001657950871694
672,6.72,0.15206550577729,0.7051944816216452,0.6862593724792667,-0.002443461,0.0061086523,0.0012217305
673,6.73,0.15180361,0.7053254,0.6884855,-0.002443461,0.0061086523,0.0012217305
674,6.74,0.15180361,0.7053254,0.6884855,-0.002443461,0.0061086523,0.0012217305
675,6.75,0.15180361,0.7053254,0.6884855,-0.002443461,0.0061086523,0.0012217305
676,6.76,0.15180361,0.7053254,0.6884855,-0.002443461,0.0061086523,0.0012217305
677,6.77,0.15180361,0.7053254,0.6884855,-0.002443461,0.0061086523,0.0012217305
678,6.78,0.15180361,0.7053254,0.6884855,-0.002443461,0.0061086523,0.0012217305
679,6.79,0.15180361,0.7053254,0.6884855,-0.002443461,0.0061086523,0.0012217305
680,6.8,0.152380667936061,0.7059468584804962,0.6874645530227843,-0.002443461,0.0061086523,0.0012217305
681,6.81,0.15497635,0.70874226,0.6828722,-0.0028574756350602,0.005915445468297,0.0013597353959247
682,6.82,0.15497635,0.70874226,0.6828722,-0.0247487473799998,-0.0043004814521903,0.0086568269066657
683,6.83,0.15497635,0.70874226,0.6828722,-0.029932396,-0.0067195175,0.01038471
684,6.84,0.15497635,0.70874226,0.6828722,-0.029932396,-0.0067195175,0.01038471
685,6.85,0.15497635,0.70874226,0.6828722,-0.029932396,-0.0067195175,0.01038471
686,6.86,0.15497635,0.70874226,0.6828722,-0.029932396,-0.0067195175,0.01038471
687,6.87,0.15497635,0.70874226,0.6828722,-0.029932396,-0.0067195175,0.01038471
688,6.88,0.15497635,0.70874226,0.6828722,-0.029932396,-0.0067195175,0.01038471
689,6.89,0.15497635,0.70874226,0.6828722,-0.0129294132264164,-0.0056993386310049,0.0090244707657595
690,6.9,0.1553394555916522,0.7078344923013636,0.684415400624275,0.00061086525,-0.004886922,0.007941248
691,6.91,0.15595257,0.7063017,0.68702114,0.00061086525,-0.004886922,0.007941248
692,6.92,0.15595257,0.7063017,0.68702114,0.00061086525,-0.004886922,0.007941248
693,6.93,0.15595257,0.7063017,0.68702114,-0.0201000513763645,-0.0081086196940082,0.0028785794955188
694,6.94,0.15595257,0.7063017,0.68702114,-0.02687807,-0.009162978,0.0012217305
695,6.95,0.1518899020577351,0.7040962254618819,0.6863246823666906,-0.02687807,-0.009162978,0.0012217305
696,6.96,0.14741059,0.70166457,0.6855568,-0.02687807,-0.009162978,0.0012217305
697,6.97,0.1478668080992215,0.7022120386355256,0.6843706271471524,-0.02687807,-0.009162978,0.0012217305
698,6.98,0.1520826441610643,0.7072711058235989,0.6734093998369091,-0.02687807,-0.009162978,0.0012217305
699,6.99,0.15229172,0.707522,0.6728658,-0.02687807,-0.009162978,0.0012217305
700,7.0,0.15229172,0.707522,0.6728658,-0.0026233540845442,0.0012800245096586,0.0012217305
701,7.01,0.15229172,0.707522,0.6728658,0.017104227,0.009773844,0.0012217305
702,7.02,0.15229172,0.707522,0.6728658,0.017104227,0.009773844,0.0012217305
703,7.03,0.15229172,0.707522,0.6728658,0.017104227,0.009773844,0.0012217305
704,7.04,0.15229172,0.707522,0.6728658,0.017104227,0.009773844,0.0012217305
705,7.05,0.15229172,0.707522,0.6728658,0.017104227,0.009773844,0.0012217305
706,7.06,0.15229172,0.707522,0.6728658,0.017104227,0.009773844,0.0012217305
707,7.07,0.15229172,0.707522,0.6728658,0.017104227,0.009773844,0.0012217305
708,7.08,0.15229172,0.707522,0.6728658,0.017104227,0.009773844,0.0012217305
709,7.09,0.1473281908925564,0.704764472949012,0.6752556537645483,0.017104227,0.009773844,0.0012217305
710,7.1,0.13911264,0.70020026,0.6792113,0.017104227,0.009773844,0.0012217305
711,7.11,0.13911264,0.70020026,0.6792113,0.0146370776119226,0.008848662979471,0.0009647357678682
712,7.12,0.1391768030832191,0.7002501646527388,0.678997422082219,-0.012217305,-0.0012217305,-0.0018325958
713,7.13,0.140882811885856,0.7015770612511166,0.6733107001836228,-0.012217305,-0.0012217305,-0.0018325958
714,7.14,0.14130914,0.70190865,0.6718896,-0.012217305,-0.0012217305,-0.0018325958
715,7.15,0.14130914,0.70190865,0.6718896,-0.012217305,-0.0012217305,-0.0018325958
716,7.16,0.14130914,0.70190865,0.6718896,-0.012217305,-0.0012217305,-0.0018325958
717,7.17,0.14130914,0.70190865,0.6718896,-0.012217305,-0.0012217305,-0.0018325958
718,7.18,0.14130914,0.70190865,0.6718896,-0.012217305,-0.0012217305,-0.0018325958
719,7.19,0.14130914,0.70190865,0.6718896,-0.012217305,-0.0012217305,-0.0018325958
720,7.2,0.14130914,0.70190865,0.6718896,-0.012217305,-0.0012217305,-0.0018325958
721,7.21,0.14130914,0.70190865,0.6718896,-0.0036264962496931,-0.0006674847668567,-0.0062665617558775
722,7.22,0.14130914,0.70190865,0.6718896,0.0067195175,0.0,-0.01160644
723,7.23,0.14130914,0.70190865,0.6718896,0.0067195175,0.0,-0.01160644
724,7.24,0.14130914,0.70190865,0.6718896,0.0067195175,0.0,-0.01160644
725,7.25,0.14130914,0.70190865,0.6718896,0.0067195175,0.0,-0.01160644
726,7.26,0.14130914,0.70190865,0.6718896,0.0067195175,0.0,-0.01160644
727,7.27,0.14130914,0.70190865,0.6718896,0.0067195175,0.0,-0.01160644
728,7.28,0.14130914,0.70190865,0.6718896,0.0067195175,0.0,-0.01160644
729,7.29,0.1439891716304795,0.6998029002167908,0.6751439370087479,0.0067195175,0.0,-0.01160644
730,7.3,0.14472595,0.699224,0.6760386,0.0067195175,0.0,-0.01160644
731,7.31,0.14472595,0.699224,0.6760386,0.0067195175,0.0,-0.01160644
732,7.32,0.14472595,0.699224,0.6760386,0.0067195175,0.0,-0.01160644
733,7.33,0.1473061237545496,0.7003768431617293,0.6780697966430057,0.0067195175,0.0,-0.01160644
734,7.34,0.15619664,0.7043492,0.6850687,0.0067195175,0.0,-0.01160644
735,7.35,0.15619664,0.7043492,0.6850687,0.0067195175,0.0,-0.01160644
736,7.36,0.15619664,0.7043492,0.6850687,0.0067195175,0.0,-0.01160644
737,7.37,0.15619664,0.7043492,0.6850687,-0.0265009754140868,-0.0411144720493999,0.0778586548925935
738,7.38,0.15619664,0.7043492,0.6850687,-0.05497787,-0.076358154,0.15454891
739,7.39,0.15619664,0.7043492,0.6850687,-0.0563903705381524,-0.0207998544805177,0.0923989450920638
740,7.4,0.15619664,0.7043492,0.6850687,-0.058643065,0.06780604,-0.0067195175
741,7.41,0.15619664,0.7043492,0.6850687,-0.058643065,0.06780604,-0.0067195175
742,7.42,0.15619664,0.7043492,0.6850687,-0.058643065,0.06780604,-0.0067195175
743,7.43,0.15619664,0.7043492,0.6850687,-0.058643065,0.06780604,-0.0067195175
744,7.44,0.15619664,0.7043492,0.6850687,-0.058643065,0.06780604,-0.0067195175
745,7.45,0.1551949691397167,0.7048045083284178,0.6827921956690908,-0.058643065,0.06780604,-0.0067195175
746,7.46,0.153512,0.7055695,0.6789673,-0.058643065,0.06780604,-0.0067195175
747,7.47,0.153512,0.7055695,0.6789673,-0.058643065,0.06780604,-0.0067195175
748,7.48,0.153512,0.7055695,0.6789673,-0.058643065,0.06780604,-0.0067195175
749,7.49,0.153512,0.7055695,0.6789673,-0.058643065,0.06780604,-0.0067195175
750,7.5,0.153512,0.7055695,0.6789673,-0.058643065,0.06780604,-0.0067195175
751,7.51,0.153512,0.7055695,0.6789673,-0.058643065,0.06780604,-0.0067195175
752,7.52,0.153512,0.7055695,0.6789673,-0.058643065,0.06780604,-0.0067195175
753,7.53,0.153512,0.7055695,0.6789673,-0.058643065,0.06780604,-0.0067195175
754,7.54,0.153512,0.7055695,0.6789673,-0.058643065,0.06780604,-0.0067195175
755,7.55,0.153512,0.7055695,0.6789673,-0.0525539838035846,0.0564709821094118,-0.004939632343986
756,7.56,0.153512,0.7055695,0.6789673,-0.0202549934929161,-0.0036548255731164,0.0045016103581215
757,7.57,0.153512,0.7055695,0.6789673,-0.018936822,-0.0061086523,0.004886922
758,7.58,0.153512,0.7055695,0.6789673,-0.018936822,-0.0061086523,0.004886922
759,7.59,0.153512,0.7055695,0.6789673,-0.0162653683329834,-0.0053453798147845,0.0117563751791099
760,7.6,0.153512,0.7055695,0.6789673,-0.014660766,-0.004886922,0.015882496
761,7.61,0.153512,0.7055695,0.6789673,-0.0133256951866893,-0.004219386666196,0.0116547726077818
762,7.62,0.153512,0.7055695,0.6789673,-0.010995574,-0.0030543262,0.004276057
763,7.63,0.153512,0.7055695,0.6789673,-0.010995574,-0.0030543262,0.004276057
764,7.64,0.153512,0.7055695,0.6789673,0.0150545146118836,-0.00693412664314,-0.0034835442492127
765,7.65,0.153512,0.7055695,0.6789673,0.017715093,-0.007330383,-0.004276057
766,7.66,0.153512,0.7055695,0.6789673,0.0010879735810844,-0.0051987012469089,-0.0021443748979478
767,7.67,0.146319743452271,0.7031720775125436,0.6795000435744394,-0.0061086523,-0.004276057,-0.0012217305
768,7.68,0.1403329,0.70117646,0.6799435,-0.0061086523,-0.004276057,-0.0012217305
769,7.69,0.1403329,0.70117646,0.6799435,-0.0061086523,-0.004276057,-0.0012217305
770,7.7,0.1403329,0.70117646,0.6799435,-0.0061086523,-0.004276057,-0.0012217305
771,7.71,0.1424976126337684,0.7026750893637314,0.680776087030531,-0.0061086523,-0.004276057,-0.0012217305
772,7.72,0.14350566,0.70337296,0.6811638,-0.0061086523,-0.004276057,-0.0012217305
773,7.73,0.14350566,0.70337296,0.6811638,-0.0062764432196879,-0.0049472205963484,-4.7193979781295186e-05
774,7.74,0.14350566,0.70337296,0.6811638,-0.0080483110995307,-0.0060076637845784,0.0039560076013529
775,7.75,0.14350566,0.70337296,0.6811638,-0.0231156930384663,0.0020641479841534,0.0141803028314157
776,7.76,0.14350566,0.70337296,0.6811638,0.0040260304839008,-0.0095607521125074,-0.0011847953713934
777,7.77,0.14350566,0.70337296,0.6811638,0.01160644,-0.01282817,-0.005497787
778,7.78,0.14350566,0.70337296,0.6811638,0.01160644,-0.01282817,-0.005497787
779,7.79,0.14350566,0.70337296,0.6811638,0.01160644,-0.01282817,-0.005497787
780,7.8,0.14350566,0.70337296,0.6811638,0.0083579835962208,-0.0119000396170079,-0.0031001169388979
781,7.81,0.14350566,0.70337296,0.6811638,-0.0120595277749321,-0.0060664650532225,0.0119699500873588
782,7.82,0.14350566,0.70337296,0.6811638,-0.014049901,-0.005497787,0.013439035
783,7.83,0.14350566,0.70337296,0.6811638,-0.014049901,-0.005497787,0.013439035
784,7.84,0.14350566,0.70337296,0.6811638,-0.014049901,-0.005497787,0.013439035
785,7.85,0.14350566,0.70337296,0.6811638,-0.014049901,-0.005497787,0.013439035
786,7.86,0.14350566,0.70337296,0.6811638,-0.014049901,-0.005497787,0.013439035
787,7.87,0.14350566,0.70337296,0.6811638,-0.014049901,-0.005497787,0.013439035
788,7.88,0.14350566,0.70337296,0.6811638,-0.014049901,-0.005497787,0.013439035
789,7.89,0.14350566,0.70337296,0.6811638,-0.014049901,-0.005497787,0.013439035
790,7.9,0.14350566,0.70337296,0.6811638,-0.014049901,-0.005497787,0.013439035
791,7.91,0.14350566,0.70337296,0.6811638,-0.014049901,-0.005497787,0.013439035
792,7.92,0.14350566,0.70337296,0.6811638,0.0060651379505409,6.594695420960496e-05,-0.0062480238766693
793,7.93,0.14350566,0.70337296,0.6811638,0.014660766,0.002443461,-0.014660766
794,7.94,0.14350566,0.70337296,0.6811638,0.014660766,0.002443461,-0.014660766
795,7.95,0.14350566,0.70337296,0.6811638,0.014660766,0.002443461,-0.014660766
796,7.96,0.14350566,0.70337296,0.6811638,0.014660766,0.002443461,-0.014660766
797,7.97,0.14350566,0.70337296,0.6811638,0.014660766,0.002443461,-0.014660766
798,7.98,0.14350566,0.70337296,0.6811638,0.014660766,0.002443461,-0.014660766
799,7.99,0.1428672337090823,0.6614921513688483,0.7247045138484695,0.014660766,0.002443461,-0.014660766
800,8.0,0.14106509,0.5432714,0.84761083,0.014660766,0.002443461,-0.014660766
801,8.01,0.14106509,0.5432714,0.84761083,0.014660766,0.002443461,-0.014660766
802,8.02,0.14106509,0.5432714,0.84761083,0.014660766,0.002443461,-0.014660766
803,8.03,0.14106509,0.5432714,0.84761083,-0.009633948463357,-0.0013674746938391,0.0010593435421306
804,8.04,0.14106509,0.5432714,0.84761083,-0.016493361,-0.002443461,0.005497787
805,8.05,0.14106509,0.5432714,0.84761083,-0.016493361,-0.002443461,0.005497787
806,8.06,0.14106509,0.5432714,0.84761083,-0.016493361,-0.002443461,0.005497787
807,8.07,0.14106509,0.5432714,0.84761083,-0.016493361,-0.002443461,0.005497787
808,8.08,0.14106509,0.5432714,0.84761083,-0.016493361,-0.002443461,0.005497787
809,8.09,0.14106509,0.5432714,0.84761083,-0.016493361,-0.002443461,0.005497787
810,8.1,0.14106509,0.5432714,0.84761083,-0.016493361,-0.002443461,0.005497787
811,8.11,0.14106509,0.5432714,0.84761083,-0.0118275844567266,-0.0026043498399623,0.0053368982127133
812,8.12,0.14106509,0.5432714,0.84761083,0.0012217305,-0.0030543262,0.004886922
813,8.13,0.14106509,0.5432714,0.84761083,0.1227059733915793,0.1247635727875066,-0.0037360172701906
814,8.14,0.14106509,0.5432714,0.84761083,0.944081331086634,0.988961842470848,-0.0620371570629175
815,8.15,0.1437135127512929,0.6568004514137288,0.7268428147571218,0.9737192,1.0201449,-0.06414085
816,8.16,0.14472595,0.70020026,0.6806757,0.9737192,1.0201449,-0.06414085
817,8.17,0.14472595,0.70020026,0.6806757,0.9737192,1.0201449,-0.06414085
818,8.18,0.14472595,0.70020026,0.6806757,0.9737192,1.0201449,-0.06414085
819,8.19,0.14472595,0.70020026,0.6806757,0.9737192,1.0201449,-0.06414085
820,8.2,0.14472595,0.70020026,0.6806757,0.9737192,1.0201449,-0.06414085
821,8.21,0.1531224563905377,0.7036855880679712,0.685903718067107,0.9737192,1.0201449,-0.06414085
822,8.22,0.15766099,0.7055695,0.6887296,0.5295956457489062,0.5654791809299847,-0.0290002160846253
823,8.23,0.15766099,0.7055695,0.6887296,-0.029932396,-0.007330383,0.015271631
824,8.24,0.15766099,0.7055695,0.6887296,-0.029932396,-0.007330383,0.015271631
825,8.25,0.15766099,0.7055695,0.6887296,-0.029932396,-0.007330383,0.015271631
826,8.26,0.15766099,0.7055695,0.6887296,-0.029932396,-0.007330383,0.015271631
827,8.27,0.15766099,0.7055695,0.6887296,-0.0035859177184494,-0.0024183275295472,0.0054475202783983
828,8.28,0.15766099,0.7055695,0.6887296,0.0061086523,-0.00061086525,0.0018325958
829,8.29,0.15766099,0.7055695,0.6887296,0.0061086523,-0.00061086525,0.0018325958
830,8.3,0.15766099,0.7055695,0.6887296,0.0061086523,-0.00061086525,0.0018325958
831,8.31,0.15766099,0.7055695,0.6887296,0.0061086523,-0.00061086525,0.0018325958
832,8.32,0.15766099,0.7055695,0.6887296,0.0095362733732292,0.0045305665001212,-0.0007381202328725
833,8.33,0.15766099,0.7055695,0.6887296,0.010995574,0.0067195175,-0.0018325958
834,8.34,0.15766099,0.7055695,0.6887296,0.010995574,0.0067195175,-0.0018325958
835,8.35,0.15766099,0.7055695,0.6887296,0.010995574,0.0067195175,-0.0018325958
836,8.36,0.15766099,0.7055695,0.6887296,0.010995574,0.0067195175,-0.0018325958
837,8.37,0.15766099,0.7055695,0.6887296,0.010995574,0.0067195175,-0.0018325958
838,8.38,0.15766099,0.7055695,0.6887296,0.010995574,0.0067195175,-0.0018325958
839,8.39,0.15766099,0.7055695,0.6887296,0.010995574,0.0067195175,-0.0018325958
840,8.4,0.15766099,0.7055695,0.6887296,0.010995574,0.0067195175,-0.0018325958
841,8.41,0.15766099,0.7055695,0.6887296,0.0074466908931012,0.0052139307020359,-0.0004345509306373
842,8.42,0.15766099,0.7055695,0.6887296,-0.0279044543266174,-0.0097835250981435,0.0134916578826219
843,8.43,0.15766099,0.7055695,0.6887296,-0.029321533,-0.01038471,0.014049901
844,8.44,0.15766099,0.7055695,0.6887296,-0.029321533,-0.01038471,0.014049901
845,8.45,0.15766099,0.7055695,0.6887296,-0.029321533,-0.01038471,0.014049901
846,8.46,0.1544782426943784,0.703801310674925,0.6836018169058526,-0.029321533,-0.01038471,0.014049901
847,8.47,0.14887492,0.70068836,0.6745742,-0.029321533,-0.01038471,0.014049901
848,8.48,0.14887492,0.70068836,0.6745742,-0.0211378179066679,-0.0090207573666013,0.0097307182253117
849,8.49,0.14887492,0.70068836,0.6745742,0.0138629661833582,-0.003187292847595,-0.0087419170043042
850,8.5,0.14887492,0.70068836,0.6745742,0.014660766,-0.0030543262,-0.009162978
851,8.51,0.14887492,0.70068836,0.6745742,0.014660766,-0.0030543262,-0.009162978
852,8.52,0.14887492,0.70068836,0.6745742,-0.0923373807818028,-0.0095814458105161,0.0134488290095347
853,8.53,0.14887492,0.70068836,0.6745742,-0.2657264,-0.020158553,0.05009095
854,8.54,0.14887492,0.70068836,0.6745742,-0.217239013783768,-0.0168525951022698,0.0400628776813549
855,8.55,0.14887492,0.70068836,0.6745742,-0.0040209109668783,-0.0023149982971328,-0.0040344994211519
856,8.56,0.14887492,0.70068836,0.6745742,0.0030543262,-0.0018325958,-0.005497787
857,8.57,0.14887492,0.70068836,0.6745742,0.0030543262,-0.0018325958,-0.005497787
858,8.58,0.14887492,0.70068836,0.6745742,0.0030543262,-0.0018325958,-0.005497787
859,8.59,0.14887492,0.70068836,0.6745742,0.0030543262,-0.0018325958,-0.005497787
860,8.6,0.14887492,0.70068836,0.6745742,0.0030543262,-0.0018325958,-0.005497787
861,8.61,0.14887492,0.70068836,0.6745742,0.0030543262,-0.0018325958,-0.005497787
862,8.62,0.14887492,0.70068836,0.6745742,0.0030543262,-0.0018325958,-0.005497787
863,8.63,0.1481544672356695,0.6998649757730626,0.6744198112403293,0.0030543262,-0.0018325958,-0.005497787
864,8.64,0.14545812,0.6967834,0.673842,0.0030543262,-0.0018325958,-0.005497787
865,8.65,0.14545812,0.6967834,0.673842,0.0030543262,-0.0018325958,-0.005497787
866,8.66,0.1202160682907137,0.6853644085621164,0.7766132307586882,0.0030543262,-0.0018325958,-0.005497787
867,8.67,0.1044565,0.6782351,0.8407772,0.0004707532680805,-0.0020478935208301,-0.0016224278840786
868,8.68,0.1044565,0.6782351,0.8407772,-0.004276057,-0.002443461,0.005497787
869,8.69,0.1044565,0.6782351,0.8407772,-0.004276057,-0.002443461,0.005497787
870,8.7,0.1044565,0.6782351,0.8407772,-0.004276057,-0.002443461,0.005497787
871,8.71,0.1044565,0.6782351,0.8407772,-0.004276057,-0.002443461,0.005497787
872,8.72,0.124655926619794,0.6873348366850123,0.773979121199103,-0.004276057,-0.002443461,0.005497787
873,8.73,0.15375607,0.7004443,0.677747,-0.004276057,-0.002443461,0.005497787
874,8.74,0.1537414392382731,0.7005393987522766,0.678024980276492,-0.004276057,-0.002443461,0.005497787
875,8.75,0.1532772356130963,0.7035566842758026,0.6868447160144205,-0.004276057,-0.002443461,0.005497787
876,8.76,0.1549182735291286,0.701760439765169,0.683720509846898,-0.004276057,-0.002443461,0.005497787
877,8.77,0.1552204,0.70142055,0.68311626,-0.0098378601744803,-0.0091970793727056,0.006292330357093
878,8.78,0.1552204,0.70142055,0.68311626,-0.01282817,-0.01282817,0.0067195175
879,8.79,0.1552204,0.70142055,0.68311626,-0.0100472280932741,-0.0122101831456701,0.0061015305192128
880,8.8,0.1552204,0.70142055,0.68311626,-0.0018325958,-0.01038471,0.004276057
881,8.81,0.1552204,0.70142055,0.68311626,-0.0018325958,-0.01038471,0.004276057
882,8.82,0.1552204,0.70142055,0.68311626,-0.0018325958,-0.01038471,0.004276057
883,8.83,0.1552204,0.70142055,0.68311626,-0.0018325958,-0.01038471,0.004276057
884,8.84,0.155796216937002,0.7006802105676756,0.6851727288379329,-0.0018325958,-0.01038471,0.004276057
885,8.85,0.15692882,0.699224,0.6892177,-0.0018325958,-0.01038471,0.004276057
886,8.86,0.15692882,0.699224,0.6892177,-0.0018325958,-0.01038471,0.004276057
887,8.87,0.15692882,0.699224,0.6892177,-0.0018325958,-0.01038471,0.004276057
888,8.88,0.15692882,0.699224,0.6892177,-0.0371532322810134,-0.0049507655252122,0.0050523344008773
889,8.89,0.15692882,0.699224,0.6892177,-0.0192219170202321,-0.0052432578628365,0.0031103235783477
890,8.9,0.1395720519717482,0.6534558741040464,0.7289935976282307,0.010995574,-0.007941248,0.0012217305
891,8.91,0.11592719,0.59110665,0.7831797,0.010995574,-0.007941248,0.0012217305
892,8.92,0.1222067008403423,0.6081136491453236,0.7687891648534644,0.010995574,-0.007941248,0.0012217305
893,8.93,0.1556067087479568,0.6985719540007432,0.6922475360690655,0.010995574,-0.007941248,0.0012217305
894,8.94,0.15692882,0.70215267,0.6892177,0.010995574,-0.007941248,0.0012217305
895,8.95,0.15692882,0.70215267,0.6892177,0.010995574,-0.007941248,0.0012217305
896,8.96,0.15692882,0.70215267,0.6892177,0.010995574,-0.007941248,0.0012217305
897,8.97,0.15692882,0.70215267,0.6892177,0.010995574,-0.007941248,0.0012217305
898,8.98,0.15692882,0.70215267,0.6892177,0.010995574,-0.007941248,0.0012217305
899,8.99,0.1572410695874427,0.70215267,0.6809428236456734,0.010995574,-0.007941248,0.0012217305
900,9.0,0.15741692,0.70215267,0.67628264,0.010995574,-0.007941248,0.0012217305
901,9.01,0.15741692,0.70215267,0.67628264,0.010995574,-0.007941248,0.0012217305
902,9.02,0.15741692,0.70215267,0.67628264,0.010995574,-0.007941248,0.0012217305
903,9.03,0.15741692,0.70215267,0.67628264,0.010995574,-0.007941248,0.0012217305
904,9.04,0.15741692,0.70215267,0.67628264,0.010995574,-0.007941248,0.0012217305
905,9.05,0.15741692,0.70215267,0.67628264,0.010995574,-0.007941248,0.0012217305
906,9.06,0.15741692,0.70215267,0.67628264,0.010995574,-0.007941248,0.0012217305
907,9.07,0.1589309893880068,0.7030358913599093,0.6848623613622553,0.010995574,-0.007941248,0.0012217305
908,9.08,0.16034561,0.7038611,0.69287854,0.010995574,-0.007941248,0.0012217305
909,9.09,0.16034561,0.7038611,0.69287854,0.002420702150031,-0.0070058075412783,-0.0012727778578328
910,9.1,0.16034561,0.7038611,0.69287854,-0.022602014,-0.004276057,-0.008552114
911,9.11,0.16034561,0.7038611,0.69287854,-0.022602014,-0.004276057,-0.008552114
912,9.12,0.16034561,0.7038611,0.69287854,-0.022602014,-0.004276057,-0.008552114
913,9.13,0.16034561,0.7038611,0.69287854,-0.022602014,-0.004276057,-0.008552114
914,9.14,0.1593138590949163,0.7038228865395924,0.6914264441619128,-0.022602014,-0.004276057,-0.008552114
915,9.15,0.1540928352401154,0.7036295129380963,0.6840783265370532,-0.022602014,-0.004276057,-0.008552114
916,9.16,0.15375607,0.70361704,0.68360436,-0.022602014,-0.004276057,-0.008552114
917,9.17,0.15375607,0.70361704,0.68360436,-0.0089460633215648,-4.921488762452347e-05,-0.0082269719141801
918,9.18,0.15375607,0.70361704,0.68360436,0.0030543262,0.0036651916,-0.007941248
919,9.19,0.15375607,0.70361704,0.68360436,0.0030543262,0.0036651916,-0.007941248
920,9.2,0.15375607,0.70361704,0.68360436,0.0030543262,0.0036651916,-0.007941248
921,9.21,0.15375607,0.70361704,0.68360436,0.0030543262,0.0036651916,-0.007941248
922,9.22,0.15375607,0.70361704,0.68360436,-0.231400356361261,-0.0134579039941056,0.1444104028655941
923,9.23,0.15375607,0.70361704,0.68360436,-0.3231477,-0.020158553,0.204029
924,9.24,0.15375607,0.70361704,0.68360436,-0.3231477,-0.020158553,0.204029
925,9.25,0.15375607,0.70361704,0.68360436,-0.3231477,-0.020158553,0.204029
926,9.26,0.15375607,0.70361704,0.68360436,-0.3115343743328926,-0.0418040498289538,0.1814566185229787
927,9.27,0.15375607,0.70361704,0.68360436,-0.1959998483348935,-0.2571430739646017,-0.0431034661029119
928,9.28,0.15375607,0.70361704,0.68360436,-0.0396611322216327,0.0329986951941872,-0.0787685116261569
929,9.29,0.15375607,0.70361704,0.68360436,-0.023823744,0.06352998,-0.081855945
930,9.3,0.15375607,0.70361704,0.68360436,-0.023823744,0.06352998,-0.081855945
931,9.31,0.15375607,0.70361704,0.68360436,0.023726531866486,0.1140412645730678,-0.0727116610040564
932,9.32,0.15375607,0.70361704,0.68360436,0.2921797145175321,0.399211326288523,-0.0210860479651582
933,9.33,0.15375607,0.70361704,0.68360436,0.30970868,0.41783184,-0.017715093
934,9.34,0.15375607,0.70361704,0.68360436,0.30970868,0.41783184,-0.017715093
935,9.35,0.15375607,0.70361704,0.68360436,0.30970868,0.41783184,-0.017715093
936,9.36,0.1560571390044452,0.7027802886736904,0.6855567949992224,0.30970868,0.41783184,-0.017715093
937,9.37,0.16180995,0.70068836,0.690438,0.30970868,0.41783184,-0.017715093
938,9.38,0.16180995,0.70068836,0.690438,0.30970868,0.41783184,-0.017715093
939,9.39,0.16180995,0.70068836,0.690438,0.0677326597299091,0.1698718587896222,0.0387584460785791
940,9.4,0.16180995,0.70068836,0.690438,-0.08552113,0.01282817,0.07452556
941,9.41,0.16180995,0.70068836,0.690438,-0.08552113,0.01282817,0.07452556
942,9.42,0.16180995,0.70068836,0.690438,-0.0655665900386132,0.0103847568809198,0.0570144322243783
943,9.43,0.16180995,0.70068836,0.690438,0.004276057,0.0018325958,-0.004276057
944,9.44,0.16180995,0.70068836,0.690438,0.004276057,0.0018325958,-0.004276057
945,9.45,0.16180995,0.70068836,0.690438,0.004276057,0.0018325958,-0.004276057
946,9.46,0.16180995,0.70068836,0.690438,0.004276057,0.0018325958,-0.004276057
947,9.47,0.16180995,0.70068836,0.690438,0.004276057,0.0018325958,-0.004276057
948,9.48,0.16180995,0.70068836,0.690438,0.004276057,0.0018325958,-0.004276057
949,9.49,0.16180995,0.70068836,0.690438,0.004276057,0.0018325958,-0.004276057
950,9.5,0.16180995,0.70068836,0.690438,0.004276057,0.0018325958,-0.004276057
951,9.51,0.16180995,0.70068836,0.690438,0.004276057,0.0018325958,-0.004276057
952,9.52,0.1568276263328309,0.6994428082468911,0.6893703175517732,0.004276057,0.0018325958,-0.004276057
953,9.53,0.15497635,0.69898,0.6889736,0.004276057,0.0018325958,-0.004276057
954,9.54,0.15497635,0.69898,0.6889736,-0.0015740204174409,0.000560839841497,0.0003022643756623
955,9.55,0.15497635,0.69898,0.6889736,-0.009773844,-0.0012217305,0.0067195175
956,9.56,0.15497635,0.69898,0.6889736,-0.009773844,-0.0012217305,0.0067195175
957,9.57,0.15497635,0.69898,0.6889736,-0.009773844,-0.0012217305,0.0067195175
958,9.58,0.15497635,0.69898,0.6889736,-0.009773844,-0.0012217305,0.0067195175
959,9.59,0.15497635,0.69898,0.6889736,-0.009773844,-0.0012217305,0.0067195175
960,9.6,0.15497635,0.69898,0.6889736,-0.009773844,-0.0012217305,0.0067195175
961,9.61,0.1545164268916856,0.6990374765494112,0.6893760300697293,-0.009773844,-0.0012217305,0.0067195175
962,9.62,0.15302388,0.699224,0.690682,-0.009773844,-0.0012217305,0.0067195175
963,9.63,0.1532486220486799,0.699350417384397,0.6906187918833364,-0.0132368504112011,0.0003955109772837,0.0046628082176208
964,9.64,0.1594726169364624,0.7028514140106862,0.6888683095090251,-0.1091411741738105,0.045183314354739,-0.0522955942458732
965,9.65,0.16083373,0.70361704,0.6884855,-0.0337026060326197,0.0222817326040231,-0.0257678573725671
966,9.66,0.16083373,0.70361704,0.6884855,0.01038471,0.007330383,-0.007941248
967,9.67,0.16083373,0.70361704,0.6884855,0.01038471,0.007330383,-0.007941248
968,9.68,0.16083373,0.70361704,0.6884855,0.01038471,0.007330383,-0.007941248
969,9.69,0.16083373,0.70361704,0.6884855,0.01038471,0.007330383,-0.007941248
970,9.7,0.16083373,0.70361704,0.6884855,0.01038471,0.007330383,-0.007941248
971,9.71,0.16083373,0.70361704,0.6884855,0.01038471,0.007330383,-0.007941248
972,9.72,0.16083373,0.70361704,0.6884855,0.01038471,0.007330383,-0.007941248
973,9.73,0.16083373,0.70361704,0.6884855,0.01038471,0.007330383,-0.007941248
974,9.74,0.16083373,0.70361704,0.6884855,0.01038471,0.007330383,-0.007941248
975,9.75,0.1502270325453785,0.7055110828616997,0.6754164987088934,0.01038471,0.007330383,-0.007941248
976,9.76,0.14716652,0.7060576,0.6716455,0.01038471,0.007330383,-0.007941248
977,9.77,0.14716652,0.7060576,0.6716455,0.01038471,0.007330383,-0.007941248
978,9.78,0.14716652,0.7060576,0.6716455,0.01038471,0.007330383,-0.007941248
979,9.79,0.14716652,0.7060576,0.6716455,0.01038471,0.007330383,-0.007941248
980,9.8,0.14716652,0.7060576,0.6716455,0.0081490790725405,0.0017413079687113,-0.0057056179874845
981,9.81,0.0476233162924021,0.6518806361507898,0.6937662464147824,-0.0014430286287849,-0.002062766281669,0.0067017730014771
982,9.82,0.017572122,0.6355251,0.7004443,-0.004276057,-0.0030543262,0.01038471
983,9.83,0.017572122,0.6355251,0.7004443,-0.004276057,-0.0030543262,0.01038471
984,9.84,0.017572122,0.6355251,0.7004443,-0.004276057,-0.0030543262,0.01038471
985,9.85,0.017572122,0.6355251,0.7004443,-0.004276057,-0.0030543262,0.01038471
986,9.86,0.017572122,0.6355251,0.7004443,-0.004276057,-0.0030543262,0.01038471
987,9.87,0.017572122,0.6355251,0.7004443,-0.004276057,-0.0030543262,0.01038471
988,9.88,0.017572122,0.6355251,0.7004443,-0.004276057,-0.0030543262,0.01038471
989,9.89,0.0540609161588714,0.6523266183744498,0.6955705905515098,-0.0029919803383187,-0.0040173835944422,0.0087796141236313
990,9.9,0.1564407,0.6994681,0.681896,0.00061086525,-0.0067195175,0.004276057
991,9.91,0.1564407,0.6994681,0.681896,0.00061086525,-0.0067195175,0.004276057
992,9.92,0.1564407,0.6994681,0.681896,0.0237952196671627,-0.0030827558958492,-0.0139077521370276
993,9.93,0.1564407,0.6994681,0.681896,0.0034444113355902,-0.0026303585645641,0.0013810430797832
994,9.94,0.1564407,0.6994681,0.681896,-0.01160644,-0.0030543262,0.01282817
995,9.95,0.1564407,0.6994681,0.681896,-0.01160644,-0.0030543262,0.01282817
996,9.96,0.1564407,0.6994681,0.681896,-0.01160644,-0.0030543262,0.01282817
997,9.97,0.1564407,0.6994681,0.681896,-0.01160644,-0.0030543262,0.01282817
998,9.98,0.1564407,0.6994681,0.681896,-0.01160644,-0.0030543262,0.01282817
999,9.99,0.1564407,0.6994681,0.681896,-0.01160644,-0.0030543262,0.01282817
